Date,Device Platform,Billed Impressions,Revenue
2018-01-01,Desktop,30462789,19801.19
2018-01-01,Mobile,15731390,8262.28
2018-01-02,Desktop,45868100,27918.8
2018-01-02,Mobile,17195748,8575.64
2018-01-03,Desktop,49696657,28896.35
2018-01-03,Mobile,19306443,9149.32
2018-01-04,Desktop,47398440,28078.46
2018-01-04,Mobile,19515364,9380.85
2018-01-05,Desktop,43827148,27631.03
2018-01-05,Mobile,18419500,9260.36
2018-01-06,Desktop,35631350,23381.42
2018-01-06,Mobile,17309688,8887.15
2018-01-07,Desktop,38996361,25269.36
2018-01-07,Mobile,18808816,9344.76
2018-01-08,Desktop,47282612,30456.72
2018-01-08,Mobile,16637217,8711.77
2018-01-09,Desktop,47064597,29828.94
2018-01-09,Mobile,17656459,9088.74
2018-01-10,Desktop,49693937,31536.85
2018-01-10,Mobile,16888692,10157.25
2018-01-11,Desktop,47466041,29993.39
2018-01-11,Mobile,15685757,9613.86
2018-01-12,Desktop,44039369,28462.71
2018-01-12,Mobile,15240734,9549.55
2018-01-13,Desktop,34024114,24043.4
2018-01-13,Mobile,14794279,9572.54
2018-01-14,Desktop,38713887,26519.02
2018-01-14,Mobile,18510516,10303.12
2018-01-15,Desktop,43504181,28209.91
2018-01-15,Mobile,16772413,9110.74
2018-01-16,Desktop,45627078,28361.92
2018-01-16,Mobile,16052080,8803.91
2018-01-17,Desktop,48560084,29718.42
2018-01-17,Mobile,17536550,9330.45
2018-01-18,Desktop,47512283,30450.69
2018-01-18,Mobile,17446866,9528.61
2018-01-19,Desktop,43580015,28596.74
2018-01-19,Mobile,16932661,9247.94
2018-01-20,Desktop,33472247,23487.35
2018-01-20,Mobile,16469728,9077.11
2018-01-21,Desktop,37228256,26706.4
2018-01-21,Mobile,17741482,9644.67
2018-01-22,Desktop,46414505,31259.61
2018-01-22,Mobile,16717914,9548.67
2018-01-23,Desktop,46641745,30823.2
2018-01-23,Mobile,18043311,10271.16
2018-01-24,Desktop,48691237,31805.52
2018-01-24,Mobile,18867160,10878.36
2018-01-25,Desktop,47529636,32784.17
2018-01-25,Mobile,18785924,11340.31
2018-01-26,Desktop,44486387,33135.48
2018-01-26,Mobile,18394607,11708.2
2018-01-27,Desktop,33050373,26724.72
2018-01-27,Mobile,17757159,11204.95
2018-01-28,Desktop,38128366,30639.46
2018-01-28,Mobile,19485650,11687.86
2018-01-29,Desktop,47243996,35585.41
2018-01-29,Mobile,16838762,10661.12
2018-01-30,Desktop,47151223,33778.8
2018-01-30,Mobile,17338029,11114.79
2018-01-31,Desktop,47704246,33332.77
2018-01-31,Mobile,18476723,11119.55
2018-02-01,Desktop,46168147,31416.37
2018-02-01,Mobile,17195003,9795.06
2018-02-02,Desktop,43018405,30451.63
2018-02-02,Mobile,16525199,9582.5
2018-02-03,Desktop,32964096,24556.69
2018-02-03,Mobile,16350570,9801.48
2018-02-04,Desktop,35672370,26028.28
2018-02-04,Mobile,16763092,9512.92
2018-02-05,Desktop,44367177,30196.95
2018-02-05,Mobile,15328013,8693.9
2018-02-06,Desktop,45769632,30822.52
2018-02-06,Mobile,17086755,9600.54
2018-02-07,Desktop,47145450,31991.9
2018-02-07,Mobile,17657791,9876.9
2018-02-08,Desktop,46026997,32048.18
2018-02-08,Mobile,17223199,9917.77
2018-02-09,Desktop,43064818,30186.86
2018-02-09,Mobile,16978022,9794.57
2018-02-10,Desktop,33899719,25786.89
2018-02-10,Mobile,16982939,10077.88
2018-02-11,Desktop,38093696,27894.16
2018-02-11,Mobile,18322456,10380.83
2018-02-12,Desktop,46159989,32980.61
2018-02-12,Mobile,16105241,9229.63
2018-02-13,Desktop,46003532,32278.11
2018-02-13,Mobile,16481207,9519.53
2018-02-14,Desktop,46401633,33737.3
2018-02-14,Mobile,16284117,9538.69
2018-02-15,Desktop,44777514,31914.12
2018-02-15,Mobile,16213298,9370.68
2018-02-16,Desktop,42888160,31336.83
2018-02-16,Mobile,16665110,9743.05
2018-02-17,Desktop,33070506,26026.34
2018-02-17,Mobile,16370711,9860.78
2018-02-18,Desktop,37433484,29045.25
2018-02-18,Mobile,18037263,10622.26
2018-02-19,Desktop,42995085,32434.22
2018-02-19,Mobile,16556656,9665.8
2018-02-20,Desktop,47129419,34638.87
2018-02-20,Mobile,16855292,10143.91
2018-02-21,Desktop,47598299,36563.05
2018-02-21,Mobile,17601372,10803.36
2018-02-22,Desktop,46320604,35848.55
2018-02-22,Mobile,17046996,10677.43
2018-02-23,Desktop,42944112,35050.36
2018-02-23,Mobile,16719066,10833.92
2018-02-24,Desktop,33087816,28573.13
2018-02-24,Mobile,16051411,10823.39
2018-02-25,Desktop,37572155,32417.58
2018-02-25,Mobile,18159608,12112.12
2018-02-26,Desktop,44945800,36724.93
2018-02-26,Mobile,15544957,10765.68
2018-02-27,Desktop,45847518,38529.68
2018-02-27,Mobile,16845953,11818.4
2018-02-28,Desktop,46151854,37067.46
2018-02-28,Mobile,17440633,11381.23
2018-03-01,Desktop,46236754,36181.58
2018-03-01,Mobile,17210711,11548.42
2018-03-02,Desktop,40561234,33511.27
2018-03-02,Mobile,15890473,11646.7
2018-03-03,Desktop,30942932,27463.73
2018-03-03,Mobile,15148660,11456.11
2018-03-04,Desktop,36135823,31018.3
2018-03-04,Mobile,17330668,12485.75
2018-03-05,Desktop,44794245,37016.46
2018-03-05,Mobile,15273399,10680.88
2018-03-06,Desktop,44389944,36180.14
2018-03-06,Mobile,16195279,11018.37
2018-03-07,Desktop,45408204,35578.91
2018-03-07,Mobile,17177412,11634.76
2018-03-08,Desktop,44105573,34310.11
2018-03-08,Mobile,16729133,11134.0
2018-03-09,Desktop,41947368,33228.96
2018-03-09,Mobile,16303385,11237.96
2018-03-10,Desktop,31700008,26123.89
2018-03-10,Mobile,15735992,10790.11
2018-03-11,Desktop,35463717,29617.59
2018-03-11,Mobile,17322539,11886.39
2018-03-12,Desktop,44770373,34889.95
2018-03-12,Mobile,15566607,10574.06
2018-03-13,Desktop,43259334,32894.6
2018-03-13,Mobile,16218632,11066.43
2018-03-14,Desktop,46329742,35064.6
2018-03-14,Mobile,17006826,11322.8
2018-03-15,Desktop,43908454,34979.11
2018-03-15,Mobile,16618174,11238.85
2018-03-16,Desktop,41024405,33816.24
2018-03-16,Mobile,16189883,11083.01
2018-03-17,Desktop,30832605,26032.26
2018-03-17,Mobile,15336324,10634.65
2018-03-18,Desktop,35743743,29950.79
2018-03-18,Mobile,17232891,11548.76
2018-03-19,Desktop,44680777,35250.98
2018-03-19,Mobile,15393147,10317.47
2018-03-20,Desktop,45382349,34947.23
2018-03-20,Mobile,16478511,11153.28
2018-03-21,Desktop,45589655,35946.38
2018-03-21,Mobile,17039382,11471.05
2018-03-22,Desktop,45403465,37356.66
2018-03-22,Mobile,16442866,11833.28
2018-03-23,Desktop,41630760,36104.96
2018-03-23,Mobile,15722662,12136.0
2018-03-24,Desktop,31493601,28774.09
2018-03-24,Mobile,15106341,11659.42
2018-03-25,Desktop,35018916,31737.14
2018-03-25,Mobile,16376986,12451.82
2018-03-26,Desktop,44372451,38076.75
2018-03-26,Mobile,14812437,11121.47
2018-03-27,Desktop,44005835,37833.48
2018-03-27,Mobile,15725702,12065.09
2018-03-28,Desktop,42838512,38205.88
2018-03-28,Mobile,15625403,12216.46
2018-03-29,Desktop,40766640,37029.21
2018-03-29,Mobile,15144295,11377.55
2018-03-30,Desktop,35602680,33174.01
2018-03-30,Mobile,14633611,11280.07
2018-03-31,Desktop,30193743,26375.87
2018-03-31,Mobile,14343853,10400.29
2018-04-01,Desktop,31334870,21276.27
2018-04-01,Mobile,15247354,8412.85
2018-04-02,Desktop,44347899,28993.57
2018-04-02,Mobile,15431963,8478.59
2018-04-03,Desktop,45944280,29118.57
2018-04-03,Mobile,16606089,9017.53
2018-04-04,Desktop,47730338,29645.72
2018-04-04,Mobile,17332769,9242.17
2018-04-05,Desktop,45060295,29125.58
2018-04-05,Mobile,16839567,9456.85
2018-04-06,Desktop,42507904,28863.73
2018-04-06,Mobile,16375379,9778.7
2018-04-07,Desktop,32573088,23463.69
2018-04-07,Mobile,15722060,9540.1
2018-04-08,Desktop,35974677,26194.45
2018-04-08,Mobile,17100952,10302.85
2018-04-09,Desktop,45329273,30434.37
2018-04-09,Mobile,15573947,9077.01
2018-04-10,Desktop,44825537,30143.61
2018-04-10,Mobile,16516625,9747.66
2018-04-11,Desktop,45951109,31010.81
2018-04-11,Mobile,16775423,9992.07
2018-04-12,Desktop,44582667,30860.97
2018-04-12,Mobile,15852185,10005.3
2018-04-13,Desktop,41277927,28970.59
2018-04-13,Mobile,15100368,9759.64
2018-04-14,Desktop,31677211,23681.68
2018-04-14,Mobile,14705667,9565.16
2018-04-15,Desktop,37748381,27286.01
2018-04-15,Mobile,16853569,10168.5
2018-04-16,Desktop,45340365,31934.24
2018-04-16,Mobile,14658055,8954.98
2018-04-17,Desktop,44333742,31757.29
2018-04-17,Mobile,15326588,9487.49
2018-04-18,Desktop,46320777,32537.84
2018-04-18,Mobile,15904319,9808.45
2018-04-19,Desktop,45062427,32318.11
2018-04-19,Mobile,15699116,9966.81
2018-04-20,Desktop,41806965,32304.54
2018-04-20,Mobile,15327869,10204.25
2018-04-21,Desktop,30784391,25382.02
2018-04-21,Mobile,14830758,10163.37
2018-04-22,Desktop,35717978,28910.25
2018-04-22,Mobile,16654746,10943.95
2018-04-23,Desktop,41994804,33170.35
2018-04-23,Mobile,14171317,9294.62
2018-04-24,Desktop,44537482,33913.8
2018-04-24,Mobile,16112936,10418.72
2018-04-25,Desktop,45413315,33922.72
2018-04-25,Mobile,16610144,10948.15
2018-04-26,Desktop,41740655,31472.2
2018-04-26,Mobile,15992919,10444.83
2018-04-27,Desktop,38966017,30132.22
2018-04-27,Mobile,15647444,10535.28
2018-04-28,Desktop,29317362,23725.52
2018-04-28,Mobile,14798486,10193.63
2018-04-29,Desktop,34966986,28530.86
2018-04-29,Mobile,17208473,11684.22
2018-04-30,Desktop,43042890,34066.33
2018-04-30,Mobile,15110137,9837.02
2018-05-01,Desktop,40704700,30317.75
2018-05-01,Mobile,15434306,9653.3
2018-05-02,Desktop,40368399,30493.63
2018-05-02,Mobile,15988084,10040.3
2018-05-03,Desktop,39195433,30322.36
2018-05-03,Mobile,15756015,10012.63
2018-05-04,Desktop,35919323,28454.02
2018-05-04,Mobile,14989530,9772.65
2018-05-05,Desktop,25528549,21738.38
2018-05-05,Mobile,13572607,9009.9
2018-05-06,Desktop,31181715,26166.9
2018-05-06,Mobile,16330536,10915.98
2018-05-07,Desktop,39073179,31517.17
2018-05-07,Mobile,14518465,9546.5
2018-05-08,Desktop,38868096,29832.87
2018-05-08,Mobile,15177862,9923.57
2018-05-09,Desktop,40081843,30507.99
2018-05-09,Mobile,16130822,10829.83
2018-05-10,Desktop,38040491,29840.72
2018-05-10,Mobile,15166533,10445.46
2018-05-11,Desktop,34857360,27432.21
2018-05-11,Mobile,14906420,10053.39
2018-05-12,Desktop,25844533,21374.69
2018-05-12,Mobile,13421736,8948.56
2018-05-13,Desktop,29357692,24463.07
2018-05-13,Mobile,14726246,10042.0
2018-05-14,Desktop,40173543,30603.98
2018-05-14,Mobile,14050137,8775.91
2018-05-15,Desktop,41256445,31465.56
2018-05-15,Mobile,14468773,9251.11
2018-05-16,Desktop,41921554,33068.89
2018-05-16,Mobile,15235562,9975.58
2018-05-17,Desktop,38993560,30587.7
2018-05-17,Mobile,14528491,10141.51
2018-05-18,Desktop,34404667,28885.94
2018-05-18,Mobile,14456584,10834.1
2018-05-19,Desktop,24451436,21509.72
2018-05-19,Mobile,13256649,9209.5
2018-05-20,Desktop,29710112,25753.23
2018-05-20,Mobile,15063503,10365.47
2018-05-21,Desktop,37857654,31687.59
2018-05-21,Mobile,13893159,9685.38
2018-05-22,Desktop,39056637,31779.35
2018-05-22,Mobile,15139317,10568.35
2018-05-23,Desktop,39134886,33123.76
2018-05-23,Mobile,14951533,10650.16
2018-05-24,Desktop,36221763,32791.56
2018-05-24,Mobile,14127633,10608.56
2018-05-25,Desktop,32509539,30946.85
2018-05-25,Mobile,12676302,9563.12
2018-05-26,Desktop,25145281,26810.42
2018-05-26,Mobile,12003646,9548.83
2018-05-27,Desktop,30025475,30622.32
2018-05-27,Mobile,14218258,10748.87
2018-05-28,Desktop,28717752,27605.88
2018-05-28,Mobile,13656684,9793.72
2018-05-29,Desktop,41155426,37049.15
2018-05-29,Mobile,14190760,9593.16
2018-05-30,Desktop,45177357,40053.91
2018-05-30,Mobile,16387118,10989.88
2018-05-31,Desktop,42599042,37324.16
2018-05-31,Mobile,16133347,11167.75
2018-06-01,Desktop,36154347,28211.67
2018-06-01,Mobile,14416031,8754.41
2018-06-02,Desktop,26261986,22475.33
2018-06-02,Mobile,13342645,8752.13
2018-06-03,Desktop,31162191,26649.03
2018-06-03,Mobile,15449247,9948.36
2018-06-04,Desktop,39400858,31813.66
2018-06-04,Mobile,13812804,8677.98
2018-06-05,Desktop,39465017,32145.65
2018-06-05,Mobile,14900553,9384.64
2018-06-06,Desktop,40507379,33159.24
2018-06-06,Mobile,15180982,9602.01
2018-06-07,Desktop,38576626,31959.71
2018-06-07,Mobile,14666237,9586.58
2018-06-08,Desktop,35562860,30403.72
2018-06-08,Mobile,14130538,9464.62
2018-06-09,Desktop,25802668,24586.97
2018-06-09,Mobile,12646591,9074.44
2018-06-10,Desktop,31734496,28267.11
2018-06-10,Mobile,15631698,10600.71
2018-06-11,Desktop,40477242,34022.35
2018-06-11,Mobile,14172493,9072.62
2018-06-12,Desktop,40059298,34216.19
2018-06-12,Mobile,14928901,10231.69
2018-06-13,Desktop,41388029,35645.2
2018-06-13,Mobile,16053123,10876.28
2018-06-14,Desktop,38646579,34864.16
2018-06-14,Mobile,15196972,10963.82
2018-06-15,Desktop,35035722,34009.43
2018-06-15,Mobile,14523052,11136.44
2018-06-16,Desktop,25845426,27362.72
2018-06-16,Mobile,13493536,10949.39
2018-06-17,Desktop,29237686,31057.64
2018-06-17,Mobile,15039719,12118.3
2018-06-18,Desktop,38891392,37615.91
2018-06-18,Mobile,14310236,10585.82
2018-06-19,Desktop,38597285,37816.23
2018-06-19,Mobile,15432624,11271.95
2018-06-20,Desktop,39031420,38690.98
2018-06-20,Mobile,15755736,11515.55
2018-06-21,Desktop,38018877,39061.41
2018-06-21,Mobile,15336580,11281.35
2018-06-22,Desktop,35585009,36152.77
2018-06-22,Mobile,14774647,10965.03
2018-06-23,Desktop,26732650,29128.96
2018-06-23,Mobile,14132197,10923.31
2018-06-24,Desktop,30818810,32322.2
2018-06-24,Mobile,15914902,12061.65
2018-06-25,Desktop,39423160,39416.81
2018-06-25,Mobile,14313277,10646.7
2018-06-26,Desktop,38906134,38394.44
2018-06-26,Mobile,15159373,11331.21
2018-06-27,Desktop,39983270,38653.94
2018-06-27,Mobile,15348316,11675.55
2018-06-28,Desktop,38170599,36966.81
2018-06-28,Mobile,14398842,11443.45
2018-06-29,Desktop,33747004,33186.53
2018-06-29,Mobile,13749129,11164.94
2018-06-30,Desktop,25446008,24881.75
2018-06-30,Mobile,13553981,10131.28
2018-07-01,Desktop,28512116,22627.12
2018-07-01,Mobile,14964208,8956.47
2018-07-02,Desktop,34967470,28094.98
2018-07-02,Mobile,13328611,8183.42
2018-07-03,Desktop,35453500,28030.78
2018-07-03,Mobile,14225590,8911.11
2018-07-04,Desktop,26834652,22507.54
2018-07-04,Mobile,13997497,8978.41
2018-07-05,Desktop,36236966,28472.74
2018-07-05,Mobile,14788411,8974.79
2018-07-06,Desktop,34489116,27243.4
2018-07-06,Mobile,15157091,9210.94
2018-07-07,Desktop,25007104,21184.82
2018-07-07,Mobile,14182204,8913.7
2018-07-08,Desktop,26904103,23950.91
2018-07-08,Mobile,14611370,9959.74
2018-07-09,Desktop,37719111,29143.65
2018-07-09,Mobile,14523625,8767.77
2018-07-10,Desktop,37589956,28903.85
2018-07-10,Mobile,15478509,9716.89
2018-07-11,Desktop,38210393,31311.88
2018-07-11,Mobile,15389116,10158.02
2018-07-12,Desktop,36222854,30342.87
2018-07-12,Mobile,15156232,10210.33
2018-07-13,Desktop,33513127,29069.26
2018-07-13,Mobile,14522962,9819.94
2018-07-14,Desktop,24420531,22376.16
2018-07-14,Mobile,13797317,9667.68
2018-07-15,Desktop,29005670,25632.99
2018-07-15,Mobile,15895021,10717.58
2018-07-16,Desktop,36856428,33071.88
2018-07-16,Mobile,14196354,9504.29
2018-07-17,Desktop,36235716,33888.18
2018-07-17,Mobile,14992151,10119.81
2018-07-18,Desktop,37198792,32274.45
2018-07-18,Mobile,15305475,10336.18
2018-07-19,Desktop,35690209,31383.97
2018-07-19,Mobile,14795912,10069.07
2018-07-20,Desktop,32348446,28750.65
2018-07-20,Mobile,14148597,9675.91
2018-07-21,Desktop,23782919,22177.65
2018-07-21,Mobile,13330153,9209.02
2018-07-22,Desktop,29324805,26985.46
2018-07-22,Mobile,15911289,10736.92
2018-07-23,Desktop,36611555,31982.43
2018-07-23,Mobile,14293355,9206.16
2018-07-24,Desktop,37213292,32120.79
2018-07-24,Mobile,15505197,10252.47
2018-07-25,Desktop,37551547,32570.46
2018-07-25,Mobile,15858820,10575.59
2018-07-26,Desktop,35562599,31732.33
2018-07-26,Mobile,14997269,10368.81
2018-07-27,Desktop,33207571,29499.7
2018-07-27,Mobile,14884406,9959.36
2018-07-28,Desktop,23790389,22514.9
2018-07-28,Mobile,13770352,9578.36
2018-07-29,Desktop,28859549,25835.95
2018-07-29,Mobile,16066702,10504.77
2018-07-30,Desktop,37297567,31879.62
2018-07-30,Mobile,14701613,9078.86
2018-07-31,Desktop,37014121,30316.82
2018-07-31,Mobile,15510625,9300.74
2018-08-01,Desktop,36513907,28790.28
2018-08-01,Mobile,15416963,9089.45
2018-08-02,Desktop,34552498,27995.03
2018-08-02,Mobile,15169169,9342.1
2018-08-03,Desktop,31130975,26270.9
2018-08-03,Mobile,14402205,9105.57
2018-08-04,Desktop,22766817,20380.91
2018-08-04,Mobile,13490579,8548.6
2018-08-05,Desktop,27404629,23614.23
2018-08-05,Mobile,15837854,9757.25
2018-08-06,Desktop,34478969,29389.77
2018-08-06,Mobile,14209104,8660.89
2018-08-07,Desktop,34599437,29594.84
2018-08-07,Mobile,15155237,9168.6
2018-08-08,Desktop,35824047,30898.39
2018-08-08,Mobile,15623043,9621.11
2018-08-09,Desktop,34706388,29913.8
2018-08-09,Mobile,15440412,9655.62
2018-08-10,Desktop,31274050,26369.82
2018-08-10,Mobile,14495888,9257.85
2018-08-11,Desktop,23146834,21698.14
2018-08-11,Mobile,13829011,9652.74
2018-08-12,Desktop,27400996,24777.35
2018-08-12,Mobile,16042914,10670.49
2018-08-13,Desktop,33367091,31083.13
2018-08-13,Mobile,13105126,9296.78
2018-08-14,Desktop,32746382,29873.3
2018-08-14,Mobile,13766272,9709.34
2018-08-15,Desktop,33534327,31035.86
2018-08-15,Mobile,14963652,10108.73
2018-08-16,Desktop,32897095,30548.7
2018-08-16,Mobile,14703550,9762.87
2018-08-17,Desktop,30310705,28680.31
2018-08-17,Mobile,14143402,9624.11
2018-08-18,Desktop,22115766,22134.92
2018-08-18,Mobile,13318045,9356.11
2018-08-19,Desktop,26414666,25346.12
2018-08-19,Mobile,15410993,10399.21
2018-08-20,Desktop,32983693,31197.3
2018-08-20,Mobile,13673471,9304.69
2018-08-21,Desktop,32875365,30766.25
2018-08-21,Mobile,14414580,9786.12
2018-08-22,Desktop,32053901,31897.25
2018-08-22,Mobile,13793718,10362.8
2018-08-23,Desktop,31446820,31883.13
2018-08-23,Mobile,13453064,10787.64
2018-08-24,Desktop,29192695,29727.08
2018-08-24,Mobile,13295701,11259.45
2018-08-25,Desktop,22130017,25635.05
2018-08-25,Mobile,12346086,11185.04
2018-08-26,Desktop,26278626,26783.93
2018-08-26,Mobile,15284824,12247.06
2018-08-27,Desktop,32897321,32041.97
2018-08-27,Mobile,13467043,10573.31
2018-08-28,Desktop,33821111,32388.53
2018-08-28,Mobile,14691682,11189.97
2018-08-29,Desktop,33441200,31330.87
2018-08-29,Mobile,14889013,10969.71
2018-08-30,Desktop,32651985,31811.05
2018-08-30,Mobile,14634834,10752.8
2018-08-31,Desktop,28146264,27160.38
2018-08-31,Mobile,13567534,9931.0
2018-09-01,Desktop,20694457,18698.93
2018-09-01,Mobile,12522703,8329.54
2018-09-02,Desktop,25855889,22514.8
2018-09-02,Mobile,15008052,9745.17
2018-09-03,Desktop,24262522,22713.25
2018-09-03,Mobile,14130298,9674.99
2018-09-04,Desktop,34901604,30812.97
2018-09-04,Mobile,14354493,9664.41
2018-09-05,Desktop,37768074,32447.03
2018-09-05,Mobile,16513807,10863.78
2018-09-06,Desktop,36260593,31515.88
2018-09-06,Mobile,16054385,10607.62
2018-09-07,Desktop,33296838,29632.63
2018-09-07,Mobile,15338000,10541.08
2018-09-08,Desktop,23993551,22586.02
2018-09-08,Mobile,14237472,10083.64
2018-09-09,Desktop,27674245,25026.98
2018-09-09,Mobile,15987318,10736.38
2018-09-10,Desktop,35008937,30028.84
2018-09-10,Mobile,14074619,9282.96
2018-09-11,Desktop,34529853,29486.2
2018-09-11,Mobile,14781346,10050.99
2018-09-12,Desktop,35151676,30870.57
2018-09-12,Mobile,15305980,10696.64
2018-09-13,Desktop,33652559,30257.4
2018-09-13,Mobile,15123131,10841.65
2018-09-14,Desktop,30742156,27952.28
2018-09-14,Mobile,14436028,10452.03
2018-09-15,Desktop,22197835,21656.0
2018-09-15,Mobile,13542480,10185.69
2018-09-16,Desktop,26662725,25765.84
2018-09-16,Mobile,15874630,11255.77
2018-09-17,Desktop,34681265,32254.81
2018-09-17,Mobile,14486455,10087.0
2018-09-18,Desktop,35064618,32097.52
2018-09-18,Mobile,15275551,11027.82
2018-09-19,Desktop,35904886,33578.56
2018-09-19,Mobile,16244094,12274.78
2018-09-20,Desktop,34915056,33026.82
2018-09-20,Mobile,15701403,12385.57
2018-09-21,Desktop,31870226,30711.8
2018-09-21,Mobile,15193591,12697.67
2018-09-22,Desktop,22040230,22664.67
2018-09-22,Mobile,13489056,11834.54
2018-09-23,Desktop,26743960,26868.08
2018-09-23,Mobile,15529583,12926.99
2018-09-24,Desktop,34063987,32436.17
2018-09-24,Mobile,14268501,11488.04
2018-09-25,Desktop,33827300,31614.59
2018-09-25,Mobile,14990159,12227.08
2018-09-26,Desktop,34330857,32251.71
2018-09-26,Mobile,15576356,12585.9
2018-09-27,Desktop,31279357,29850.37
2018-09-27,Mobile,14487803,11996.89
2018-09-28,Desktop,30072918,28959.46
2018-09-28,Mobile,14183119,11987.54
2018-09-29,Desktop,21729974,22982.36
2018-09-29,Mobile,13343316,11337.95
2018-09-30,Desktop,26230527,24780.89
2018-09-30,Mobile,14917856,10999.97
2018-10-01,Desktop,32156393,24449.81
2018-10-01,Mobile,13226168,8149.61
2018-10-02,Desktop,32658710,25711.35
2018-10-02,Mobile,14386450,9069.06
2018-10-03,Desktop,34129512,27280.37
2018-10-03,Mobile,14375556,9742.74
2018-10-04,Desktop,34304828,26904.08
2018-10-04,Mobile,14297447,9955.46
2018-10-05,Desktop,30661848,25265.36
2018-10-05,Mobile,13760766,10063.17
2018-10-06,Desktop,22421169,20056.7
2018-10-06,Mobile,12714083,9658.1
2018-10-07,Desktop,27020761,23068.49
2018-10-07,Mobile,15198591,11183.98
2018-10-08,Desktop,33504891,27277.54
2018-10-08,Mobile,14035057,9893.33
2018-10-09,Desktop,35345643,26857.46
2018-10-09,Mobile,15405679,10759.78
2018-10-10,Desktop,36529160,29705.82
2018-10-10,Mobile,15892822,11529.1
2018-10-11,Desktop,35346908,27821.14
2018-10-11,Mobile,15509339,10956.37
2018-10-12,Desktop,31216905,27191.45
2018-10-12,Mobile,14190064,10947.56
2018-10-13,Desktop,21745081,21000.76
2018-10-13,Mobile,12799632,10477.7
2018-10-14,Desktop,25674281,24564.02
2018-10-14,Mobile,14590317,11791.58
2018-10-15,Desktop,35518904,29307.44
2018-10-15,Mobile,13887666,10060.63
2018-10-16,Desktop,35904914,29644.73
2018-10-16,Mobile,15432362,11720.46
2018-10-17,Desktop,37223762,31143.37
2018-10-17,Mobile,15552222,12007.7
2018-10-18,Desktop,35695914,30904.79
2018-10-18,Mobile,14834660,12378.5
2018-10-19,Desktop,31611287,28781.86
2018-10-19,Mobile,13539632,11717.73
2018-10-20,Desktop,23956087,22883.82
2018-10-20,Mobile,13410084,11657.34
2018-10-21,Desktop,28582056,26437.77
2018-10-21,Mobile,15469487,12757.13
2018-10-22,Desktop,36591164,31832.54
2018-10-22,Mobile,13942651,10962.1
2018-10-23,Desktop,36755279,32068.95
2018-10-23,Mobile,14884538,11784.32
2018-10-24,Desktop,37098040,33070.54
2018-10-24,Mobile,14958871,12063.02
2018-10-25,Desktop,35602808,33418.87
2018-10-25,Mobile,14372919,12190.42
2018-10-26,Desktop,32660554,31576.36
2018-10-26,Mobile,13678868,11600.77
2018-10-27,Desktop,24123256,25714.34
2018-10-27,Mobile,13068122,12383.77
2018-10-28,Desktop,29228072,28355.55
2018-10-28,Mobile,15932146,13464.58
2018-10-29,Desktop,37844321,34647.53
2018-10-29,Mobile,14250017,11537.53
2018-10-30,Desktop,37237301,33700.42
2018-10-30,Mobile,14635210,11957.23
2018-10-31,Desktop,37627488,34222.57
2018-10-31,Mobile,14498479,11965.9
2018-11-01,Desktop,37363335,31853.48
2018-11-01,Mobile,15176993,11639.71
2018-11-02,Desktop,34443349,30772.08
2018-11-02,Mobile,15036525,12342.71
2018-11-03,Desktop,24425302,24540.05
2018-11-03,Mobile,13327962,11952.63
2018-11-04,Desktop,29858913,28181.12
2018-11-04,Mobile,15399146,13300.22
2018-11-05,Desktop,37499747,33349.14
2018-11-05,Mobile,13964258,11533.26
2018-11-06,Desktop,36506410,33245.31
2018-11-06,Mobile,14644073,11846.82
2018-11-07,Desktop,37667317,32477.61
2018-11-07,Mobile,14500502,10997.87
2018-11-08,Desktop,36488720,34505.93
2018-11-08,Mobile,14930754,12214.53
2018-11-09,Desktop,34195225,33475.25
2018-11-09,Mobile,14406774,12223.75
2018-11-10,Desktop,24139494,26927.27
2018-11-10,Mobile,13298301,12168.02
2018-11-11,Desktop,28788272,30964.28
2018-11-11,Mobile,15538274,13529.65
2018-11-12,Desktop,35160813,35122.03
2018-11-12,Mobile,14046246,12111.35
2018-11-13,Desktop,37807524,37556.34
2018-11-13,Mobile,14577205,12950.24
2018-11-14,Desktop,37530409,37859.85
2018-11-14,Mobile,14821710,13515.12
2018-11-15,Desktop,36580779,37049.05
2018-11-15,Mobile,14735240,13531.45
2018-11-16,Desktop,34682015,37369.38
2018-11-16,Mobile,14534718,14106.22
2018-11-17,Desktop,25238755,29803.76
2018-11-17,Mobile,13240846,13710.06
2018-11-18,Desktop,29728750,34467.6
2018-11-18,Mobile,15347553,15403.12
2018-11-19,Desktop,36668843,40898.73
2018-11-19,Mobile,13873616,13712.45
2018-11-20,Desktop,34828208,39292.5
2018-11-20,Mobile,14089351,13688.51
2018-11-21,Desktop,32373822,38807.56
2018-11-21,Mobile,13855213,14412.14
2018-11-22,Desktop,20586197,26715.92
2018-11-22,Mobile,10885769,13027.28
2018-11-23,Desktop,25655782,39147.88
2018-11-23,Mobile,13777278,18608.25
2018-11-24,Desktop,25399660,37023.08
2018-11-24,Mobile,14779570,18365.94
2018-11-25,Desktop,30392557,41876.35
2018-11-25,Mobile,15698293,18872.58
2018-11-26,Desktop,38319922,55081.22
2018-11-26,Mobile,13857445,18449.95
2018-11-27,Desktop,37863124,52630.1
2018-11-27,Mobile,14171622,17440.49
2018-11-28,Desktop,39025266,49637.13
2018-11-28,Mobile,14561466,16817.91
2018-11-29,Desktop,36774491,45992.58
2018-11-29,Mobile,14594793,16512.62
2018-11-30,Desktop,33309470,41625.52
2018-11-30,Mobile,13998982,15737.19
2018-12-01,Desktop,23539069,30589.58
2018-12-01,Mobile,12870256,14205.37
2018-12-02,Desktop,28011240,35000.39
2018-12-02,Mobile,14471560,14721.43
2018-12-03,Desktop,34905115,40781.57
2018-12-03,Mobile,12979491,13014.56
2018-12-04,Desktop,35480276,47266.11
2018-12-04,Mobile,13786368,18479.3
2018-12-05,Desktop,35993047,43638.91
2018-12-05,Mobile,14118577,15040.57
2018-12-06,Desktop,34983456,43762.32
2018-12-06,Mobile,13214905,14129.42
2018-12-07,Desktop,32657196,40796.69
2018-12-07,Mobile,13221963,13920.13
2018-12-08,Desktop,23639914,29532.78
2018-12-08,Mobile,12353814,13413.38
2018-12-09,Desktop,28250690,35632.22
2018-12-09,Mobile,14402565,15369.32
2018-12-10,Desktop,35130814,43941.43
2018-12-10,Mobile,13012325,13880.98
2018-12-11,Desktop,35222676,44000.37
2018-12-11,Mobile,13373440,14661.03
2018-12-12,Desktop,36157453,44315.63
2018-12-12,Mobile,13816476,14809.22
2018-12-13,Desktop,32743616,36600.42
2018-12-13,Mobile,11598444,10979.0
2018-12-14,Desktop,31224773,35224.53
2018-12-14,Mobile,11621613,12108.45
2018-12-15,Desktop,25277906,34732.07
2018-12-15,Mobile,13694290,16542.15
2018-12-16,Desktop,28846729,38838.04
2018-12-16,Mobile,14876496,17416.87
2018-12-17,Desktop,33985022,44656.8
2018-12-17,Mobile,13406637,15192.8
2018-12-18,Desktop,34472972,45924.88
2018-12-18,Mobile,14505832,16618.73
2018-12-19,Desktop,35366181,47368.93
2018-12-19,Mobile,14479637,16642.33
2018-12-20,Desktop,33659257,43825.43
2018-12-20,Mobile,13457327,15406.37
2018-12-21,Desktop,31898469,41793.52
2018-12-21,Mobile,13358630,14795.99
2018-12-22,Desktop,23555596,32331.96
2018-12-22,Mobile,12335652,14218.97
2018-12-23,Desktop,25863415,35376.21
2018-12-23,Mobile,15293237,16276.38
2018-12-24,Desktop,22041150,30757.43
2018-12-24,Mobile,10820275,11468.45
2018-12-25,Desktop,18351734,25973.77
2018-12-25,Mobile,9935264,11089.58
2018-12-26,Desktop,33533613,44859.49
2018-12-26,Mobile,14615826,15134.6
2018-12-27,Desktop,38415910,47101.46
2018-12-27,Mobile,17635649,17520.43
2018-12-28,Desktop,36174868,44326.8
2018-12-28,Mobile,16840697,17118.24
2018-12-29,Desktop,27203715,33446.79
2018-12-29,Mobile,15400605,15518.7
2018-12-30,Desktop,30562592,35239.55
2018-12-30,Mobile,16498110,15485.43
2018-12-31,Desktop,30661198,32395.25
2018-12-31,Mobile,13595650,11599.39
2019-01-01,Desktop,24205446,18758.35
2019-01-01,Mobile,12915683,8384.36
2019-01-02,Desktop,36480514,25988.11
2019-01-02,Mobile,14388652,8824.25
2019-01-03,Desktop,39563493,28480.48
2019-01-03,Mobile,15931888,10113.17
2019-01-04,Desktop,36062237,26455.25
2019-01-04,Mobile,16079345,10135.85
2019-01-05,Desktop,27415077,21334.26
2019-01-05,Mobile,16309576,10299.71
2019-01-06,Desktop,30178520,22494.11
2019-01-06,Mobile,16513834,9923.05
2019-01-07,Desktop,36489406,26094.51
2019-01-07,Mobile,14617109,8851.55
2019-01-08,Desktop,36325666,26169.48
2019-01-08,Mobile,15329876,9124.89
2019-01-09,Desktop,37778721,26974.84
2019-01-09,Mobile,15525717,9537.26
2019-01-10,Desktop,38698002,26663.16
2019-01-10,Mobile,16347812,10029.85
2019-01-11,Desktop,36017224,25172.5
2019-01-11,Mobile,15971558,9699.91
2019-01-12,Desktop,27082388,20322.09
2019-01-12,Mobile,15373263,9387.59
2019-01-13,Desktop,31545253,23891.3
2019-01-13,Mobile,17417197,10269.97
2019-01-14,Desktop,38221757,27684.19
2019-01-14,Mobile,15068849,9028.5
2019-01-15,Desktop,37687836,27142.52
2019-01-15,Mobile,16059464,10192.87
2019-01-16,Desktop,36890559,26634.6
2019-01-16,Mobile,16151166,10453.37
2019-01-17,Desktop,34234938,24789.5
2019-01-17,Mobile,15897828,10401.26
2019-01-18,Desktop,32034373,22537.63
2019-01-18,Mobile,15433058,9598.49
2019-01-19,Desktop,24184812,18380.81
2019-01-19,Mobile,14380701,9172.14
2019-01-20,Desktop,29000337,21737.55
2019-01-20,Mobile,16288788,10156.13
2019-01-21,Desktop,30595307,22779.51
2019-01-21,Mobile,14741724,9150.23
2019-01-22,Desktop,34621534,25028.16
2019-01-22,Mobile,15162287,9721.58
2019-01-23,Desktop,37115817,27639.13
2019-01-23,Mobile,17067536,10689.26
2019-01-24,Desktop,36137853,29760.83
2019-01-24,Mobile,16152335,10811.44
2019-01-25,Desktop,32888910,29951.77
2019-01-25,Mobile,15209587,10173.02
2019-01-26,Desktop,24548826,22038.52
2019-01-26,Mobile,14219692,10026.03
2019-01-27,Desktop,28374436,21937.65
2019-01-27,Mobile,16023630,10883.5
2019-01-28,Desktop,34599540,26203.93
2019-01-28,Mobile,14350414,9432.67
2019-01-29,Desktop,34236909,24893.2
2019-01-29,Mobile,15110153,9979.11
2019-01-30,Desktop,35425997,24907.37
2019-01-30,Mobile,15756357,10095.0
2019-01-31,Desktop,35309322,24720.65
2019-01-31,Mobile,15507014,10607.87
2019-02-01,Desktop,31236006,21093.49
2019-02-01,Mobile,14228046,9160.44
2019-02-02,Desktop,23599844,17708.58
2019-02-02,Mobile,13809421,9398.2
2019-02-03,Desktop,27109535,19756.4
2019-02-03,Mobile,15101840,9786.84
2019-02-04,Desktop,33502491,24144.29
2019-02-04,Mobile,13688102,8957.91
2019-02-05,Desktop,33749476,24942.55
2019-02-05,Mobile,14648012,9832.34
2019-02-06,Desktop,35421309,25080.51
2019-02-06,Mobile,15315087,10259.35
2019-02-07,Desktop,35743479,25935.47
2019-02-07,Mobile,15488043,10407.7
2019-02-08,Desktop,33163039,24642.28
2019-02-08,Mobile,14741980,10471.69
2019-02-09,Desktop,24990680,19932.19
2019-02-09,Mobile,13858569,10235.95
2019-02-10,Desktop,29041377,22571.6
2019-02-10,Mobile,15577525,11018.69
2019-02-11,Desktop,34567514,26292.53
2019-02-11,Mobile,14111715,9523.27
2019-02-12,Desktop,35059741,26413.05
2019-02-12,Mobile,15441641,10482.44
2019-02-13,Desktop,39419422,30247.52
2019-02-13,Mobile,16304973,10753.73
2019-02-14,Desktop,37104152,28653.49
2019-02-14,Mobile,15751420,10745.6
2019-02-15,Desktop,36146286,28169.71
2019-02-15,Mobile,16101421,11214.08
2019-02-16,Desktop,27516566,22674.22
2019-02-16,Mobile,15738702,10940.12
2019-02-17,Desktop,31626490,25544.72
2019-02-17,Mobile,17447208,11963.98
2019-02-18,Desktop,35815924,28142.9
2019-02-18,Mobile,15697085,10494.8
2019-02-19,Desktop,38761916,29178.25
2019-02-19,Mobile,15949214,10573.11
2019-02-20,Desktop,40855591,29571.25
2019-02-20,Mobile,16974009,11138.97
2019-02-21,Desktop,40160151,29592.76
2019-02-21,Mobile,16387865,11407.44
2019-02-22,Desktop,38638553,29168.82
2019-02-22,Mobile,16017266,11842.91
2019-02-23,Desktop,29304751,24217.2
2019-02-23,Mobile,15373085,11993.39
2019-02-24,Desktop,34283763,27525.62
2019-02-24,Mobile,17394862,12948.64
2019-02-25,Desktop,40976822,31930.91
2019-02-25,Mobile,14933406,11115.66
2019-02-26,Desktop,41026146,31880.83
2019-02-26,Mobile,16012978,12022.75
2019-02-27,Desktop,41426464,32315.91
2019-02-27,Mobile,17175174,12822.12
2019-02-28,Desktop,40510200,30182.9
2019-02-28,Mobile,17303041,12207.68
2019-03-01,Desktop,37842264,27663.88
2019-03-01,Mobile,16431822,11515.74
2019-03-02,Desktop,29101376,22659.47
2019-03-02,Mobile,15696919,11003.47
2019-03-03,Desktop,33973985,25455.01
2019-03-03,Mobile,17941584,12101.59
2019-03-04,Desktop,40125873,29318.76
2019-03-04,Mobile,15762652,10546.22
2019-03-05,Desktop,41648566,30313.47
2019-03-05,Mobile,16790926,12016.2
2019-03-06,Desktop,44447901,32871.05
2019-03-06,Mobile,17869743,12887.1
2019-03-07,Desktop,42535461,32302.11
2019-03-07,Mobile,17984856,13285.65
2019-03-08,Desktop,39512233,30788.91
2019-03-08,Mobile,17655734,13132.74
2019-03-09,Desktop,29946245,25586.05
2019-03-09,Mobile,16625356,13413.04
2019-03-10,Desktop,35518914,30045.89
2019-03-10,Mobile,18588973,14605.19
2019-03-11,Desktop,42043939,34660.06
2019-03-11,Mobile,16084844,12885.77
2019-03-12,Desktop,41173925,33979.83
2019-03-12,Mobile,17066155,14225.76
2019-03-13,Desktop,42278367,34372.28
2019-03-13,Mobile,17805425,13926.34
2019-03-14,Desktop,40141346,34413.62
2019-03-14,Mobile,17265387,14656.19
2019-03-15,Desktop,37966783,33133.12
2019-03-15,Mobile,17036442,15266.68
2019-03-16,Desktop,28531208,27143.66
2019-03-16,Mobile,15936741,14646.53
2019-03-17,Desktop,34114905,31583.75
2019-03-17,Mobile,18343410,16479.2
2019-03-18,Desktop,41206515,36834.08
2019-03-18,Mobile,16203639,14194.79
2019-03-19,Desktop,41277283,36620.91
2019-03-19,Mobile,17294399,15370.69
2019-03-20,Desktop,42756627,38141.07
2019-03-20,Mobile,17990063,16047.36
2019-03-21,Desktop,42014689,39148.77
2019-03-21,Mobile,17654895,16186.49
2019-03-22,Desktop,39204874,36478.37
2019-03-22,Mobile,17287877,16164.68
2019-03-23,Desktop,28987659,29126.51
2019-03-23,Mobile,15864635,15386.84
2019-03-24,Desktop,33836966,32859.6
2019-03-24,Mobile,18026096,16961.23
2019-03-25,Desktop,41329694,38938.72
2019-03-25,Mobile,15774783,14993.91
2019-03-26,Desktop,41356837,38691.45
2019-03-26,Mobile,17011328,16612.54
2019-03-27,Desktop,42562652,40036.72
2019-03-27,Mobile,17394427,16629.06
2019-03-28,Desktop,40504730,39715.08
2019-03-28,Mobile,16920977,16642.66
2019-03-29,Desktop,37840171,37324.37
2019-03-29,Mobile,16346663,16432.19
2019-03-30,Desktop,28501622,28827.78
2019-03-30,Mobile,15298480,15551.11
2019-03-31,Desktop,34564823,32860.32
2019-03-31,Mobile,17788918,16910.9
2019-04-01,Desktop,40294423,29451.03
2019-04-01,Mobile,15100905,11668.47
2019-04-02,Desktop,40584312,30785.27
2019-04-02,Mobile,16860299,13583.87
2019-04-03,Desktop,41665054,31828.74
2019-04-03,Mobile,17144186,14146.07
2019-04-04,Desktop,40943661,32029.51
2019-04-04,Mobile,17213936,14286.61
2019-04-05,Desktop,38351847,30790.92
2019-04-05,Mobile,16708200,12821.0
2019-04-06,Desktop,27469082,24974.22
2019-04-06,Mobile,15401548,12140.77
2019-04-07,Desktop,33004101,29165.47
2019-04-07,Mobile,17954251,14016.04
2019-04-08,Desktop,40545329,33606.72
2019-04-08,Mobile,15990777,11783.34
2019-04-09,Desktop,40437022,33275.41
2019-04-09,Mobile,17004842,12773.6
2019-04-10,Desktop,41200871,33321.68
2019-04-10,Mobile,17669296,12895.23
2019-04-11,Desktop,39320623,32345.81
2019-04-11,Mobile,16907849,12937.28
2019-04-12,Desktop,36558445,30737.41
2019-04-12,Mobile,16383997,12685.46
2019-04-13,Desktop,26633402,25114.67
2019-04-13,Mobile,14840576,12239.22
2019-04-14,Desktop,31625882,28656.44
2019-04-14,Mobile,17384818,13713.89
2019-04-15,Desktop,37732244,32090.53
2019-04-15,Mobile,15213631,11571.72
2019-04-16,Desktop,37591830,31857.31
2019-04-16,Mobile,16091446,12898.1
2019-04-17,Desktop,38164780,31954.59
2019-04-17,Mobile,15841448,12687.63
2019-04-18,Desktop,36284153,30577.35
2019-04-18,Mobile,15496719,12279.68
2019-04-19,Desktop,32297212,28691.18
2019-04-19,Mobile,15074042,12377.77
2019-04-20,Desktop,26617047,25055.89
2019-04-20,Mobile,14063641,12362.97
2019-04-21,Desktop,29984280,27427.0
2019-04-21,Mobile,15811343,13393.31
2019-04-22,Desktop,40354167,34543.24
2019-04-22,Mobile,15675912,12638.43
2019-04-23,Desktop,41237316,34213.32
2019-04-23,Mobile,16840977,13494.31
2019-04-24,Desktop,41452494,34899.92
2019-04-24,Mobile,16937729,13668.53
2019-04-25,Desktop,40370879,33659.99
2019-04-25,Mobile,16429663,13309.38
2019-04-26,Desktop,38211829,32118.18
2019-04-26,Mobile,16033912,13369.99
2019-04-27,Desktop,27749561,28471.09
2019-04-27,Mobile,14644542,13144.35
2019-04-28,Desktop,33478038,29922.74
2019-04-28,Mobile,17347553,14956.24
2019-04-29,Desktop,40273216,34642.79
2019-04-29,Mobile,15049985,12834.95
2019-04-30,Desktop,40928338,34432.43
2019-04-30,Mobile,15516266,13413.92
2019-05-01,Desktop,40948866,31190.82
2019-05-01,Mobile,15571034,12320.83
2019-05-02,Desktop,39819307,30932.69
2019-05-02,Mobile,15553596,11938.21
2019-05-03,Desktop,37109773,29580.18
2019-05-03,Mobile,14833402,11695.93
2019-05-04,Desktop,27136173,23969.51
2019-05-04,Mobile,13565221,11404.92
2019-05-05,Desktop,33437973,28264.91
2019-05-05,Mobile,16148969,12867.28
2019-05-06,Desktop,40337880,32449.14
2019-05-06,Mobile,14217464,11091.82
2019-05-07,Desktop,41613991,32972.12
2019-05-07,Mobile,15284655,11788.27
2019-05-08,Desktop,42436220,33318.27
2019-05-08,Mobile,15487355,11641.9
2019-05-09,Desktop,41472127,33731.53
2019-05-09,Mobile,14890036,12096.14
2019-05-10,Desktop,37517648,31239.2
2019-05-10,Mobile,13807117,11997.84
2019-05-11,Desktop,26693879,24037.14
2019-05-11,Mobile,12402280,11451.75
2019-05-12,Desktop,33056608,28218.27
2019-05-12,Mobile,15621805,12908.19
2019-05-13,Desktop,42717830,34047.45
2019-05-13,Mobile,14250384,11429.32
2019-05-14,Desktop,42256998,34005.18
2019-05-14,Mobile,15211195,12341.05
2019-05-15,Desktop,41602928,34251.08
2019-05-15,Mobile,15597760,12467.01
2019-05-16,Desktop,39769636,33521.22
2019-05-16,Mobile,15195759,12650.91
2019-05-17,Desktop,36826462,32985.84
2019-05-17,Mobile,14557269,12763.38
2019-05-18,Desktop,26349158,24957.48
2019-05-18,Mobile,13263081,12689.9
2019-05-19,Desktop,32445039,29269.2
2019-05-19,Mobile,16404551,14798.33
2019-05-20,Desktop,40532500,34260.47
2019-05-20,Mobile,14315942,12326.49
2019-05-21,Desktop,41725302,35499.27
2019-05-21,Mobile,15734264,13129.69
2019-05-22,Desktop,41227655,36702.4
2019-05-22,Mobile,15764194,13811.06
2019-05-23,Desktop,38517845,34641.4
2019-05-23,Mobile,14871987,13529.01
2019-05-24,Desktop,33646134,31530.77
2019-05-24,Mobile,13831276,13133.6
2019-05-25,Desktop,24937681,24366.38
2019-05-25,Mobile,12759419,12419.31
2019-05-26,Desktop,31035633,28793.26
2019-05-26,Mobile,15682309,14456.4
2019-05-27,Desktop,27649980,25757.42
2019-05-27,Mobile,14236977,13006.55
2019-05-28,Desktop,41210295,37671.15
2019-05-28,Mobile,15250227,13221.96
2019-05-29,Desktop,43191301,38660.46
2019-05-29,Mobile,17099417,14874.44
2019-05-30,Desktop,41252573,36158.67
2019-05-30,Mobile,17293180,15146.14
2019-05-31,Desktop,36568133,32273.9
2019-05-31,Mobile,16637543,14854.48
2019-06-01,Desktop,26895040,23461.79
2019-06-01,Mobile,15293197,13353.49
2019-06-02,Desktop,32690363,27230.85
2019-06-02,Mobile,17781000,14820.32
2019-06-03,Desktop,39345396,32433.84
2019-06-03,Mobile,15493938,11941.47
2019-06-04,Desktop,39751070,32818.77
2019-06-04,Mobile,17054577,13171.65
2019-06-05,Desktop,41257745,35108.41
2019-06-05,Mobile,17907486,13944.74
2019-06-06,Desktop,39312400,32793.75
2019-06-06,Mobile,17494185,13775.92
2019-06-07,Desktop,36388256,31105.95
2019-06-07,Mobile,16802887,13380.16
2019-06-08,Desktop,26502350,24031.05
2019-06-08,Mobile,15776126,13288.45
2019-06-09,Desktop,32533839,28942.33
2019-06-09,Mobile,19096082,15142.41
2019-06-10,Desktop,39252566,35129.51
2019-06-10,Mobile,16034311,13053.11
2019-06-11,Desktop,35994814,35062.6
2019-06-11,Mobile,15637295,14041.55
2019-06-12,Desktop,36692333,36466.94
2019-06-12,Mobile,15933698,15029.17
2019-06-13,Desktop,36072640,37921.79
2019-06-13,Mobile,15838400,15240.21
2019-06-14,Desktop,32320510,34297.61
2019-06-14,Mobile,14755273,13898.44
2019-06-15,Desktop,24468306,26448.32
2019-06-15,Mobile,14151808,13614.16
2019-06-16,Desktop,29596724,30488.39
2019-06-16,Mobile,16293075,15025.77
2019-06-17,Desktop,36486736,36029.99
2019-06-17,Mobile,14405450,12852.24
2019-06-18,Desktop,36809608,35888.2
2019-06-18,Mobile,14916663,13465.0
2019-06-19,Desktop,37019867,36218.34
2019-06-19,Mobile,15073325,13671.63
2019-06-20,Desktop,36084441,36001.16
2019-06-20,Mobile,14765689,13570.58
2019-06-21,Desktop,32783684,34527.19
2019-06-21,Mobile,13921815,13463.96
2019-06-22,Desktop,24033639,26582.52
2019-06-22,Mobile,12887022,12753.98
2019-06-23,Desktop,28833488,31530.61
2019-06-23,Mobile,15525293,14870.33
2019-06-24,Desktop,35511007,37801.49
2019-06-24,Mobile,13643328,13174.57
2019-06-25,Desktop,37310111,41154.61
2019-06-25,Mobile,14825935,14404.68
2019-06-26,Desktop,37323927,40626.42
2019-06-26,Mobile,15050745,14889.35
2019-06-27,Desktop,35785986,40229.61
2019-06-27,Mobile,14505723,15502.83
2019-06-28,Desktop,32844319,38538.87
2019-06-28,Mobile,14221034,16123.25
2019-06-29,Desktop,24862779,29343.04
2019-06-29,Mobile,13341440,14922.43
2019-06-30,Desktop,29187850,32260.4
2019-06-30,Mobile,15753979,15253.26
2019-07-01,Desktop,31897548,31377.21
2019-07-01,Mobile,12573172,10554.14
2019-07-02,Desktop,31781114,31496.09
2019-07-02,Mobile,13018109,11151.49
2019-07-03,Desktop,31483502,32355.9
2019-07-03,Mobile,13021638,11737.7
2019-07-04,Desktop,22893954,24354.85
2019-07-04,Mobile,12272195,11224.79
2019-07-05,Desktop,27771390,29127.31
2019-07-05,Mobile,13519281,11978.34
2019-07-06,Desktop,24086725,25132.31
2019-07-06,Mobile,14173704,12489.54
2019-07-07,Desktop,28944131,28940.98
2019-07-07,Mobile,16359397,13570.78
2019-07-08,Desktop,35156987,34578.42
2019-07-08,Mobile,14396485,11704.77
2019-07-09,Desktop,34754972,34278.1
2019-07-09,Mobile,14813519,12312.99
2019-07-10,Desktop,35140532,35438.05
2019-07-10,Mobile,14555220,12270.85
2019-07-11,Desktop,34582503,34187.25
2019-07-11,Mobile,14338994,12302.72
2019-07-12,Desktop,31508066,30980.59
2019-07-12,Mobile,13592310,11997.61
2019-07-13,Desktop,23540499,25082.24
2019-07-13,Mobile,12774595,11655.21
2019-07-14,Desktop,28363259,29325.64
2019-07-14,Mobile,15212128,13327.63
2019-07-15,Desktop,35310527,39514.63
2019-07-15,Mobile,13610604,12552.59
2019-07-16,Desktop,35984742,39476.83
2019-07-16,Mobile,14641155,13128.35
2019-07-17,Desktop,36818664,37405.91
2019-07-17,Mobile,14741853,12767.51
2019-07-18,Desktop,36129096,36484.01
2019-07-18,Mobile,14630710,12718.66
2019-07-19,Desktop,32678704,32324.63
2019-07-19,Mobile,14041775,12277.18
2019-07-20,Desktop,24372089,25805.06
2019-07-20,Mobile,13012562,11915.36
2019-07-21,Desktop,28899978,29520.31
2019-07-21,Mobile,15336969,13331.55
2019-07-22,Desktop,35877326,34703.94
2019-07-22,Mobile,13886418,11605.69
2019-07-23,Desktop,37006043,35580.96
2019-07-23,Mobile,14524313,12559.22
2019-07-24,Desktop,36475020,36241.0
2019-07-24,Mobile,14500041,12784.35
2019-07-25,Desktop,35352669,36231.04
2019-07-25,Mobile,14708032,13635.28
2019-07-26,Desktop,33193018,34999.12
2019-07-26,Mobile,14212128,13106.33
2019-07-27,Desktop,25652480,26913.84
2019-07-27,Mobile,13467121,12580.52
2019-07-28,Desktop,30704697,31528.79
2019-07-28,Mobile,15728631,14294.25
2019-07-29,Desktop,37020002,36591.01
2019-07-29,Mobile,13749348,11866.18
2019-07-30,Desktop,37726402,36548.63
2019-07-30,Mobile,14269357,12183.42
2019-07-31,Desktop,35924924,34972.25
2019-07-31,Mobile,14100989,11868.03
2019-08-01,Desktop,32932971,31476.2
2019-08-01,Mobile,13265614,10601.08
2019-08-02,Desktop,30734442,30659.95
2019-08-02,Mobile,13009439,10720.23
2019-08-03,Desktop,23226671,23430.17
2019-08-03,Mobile,12399111,10739.16
2019-08-04,Desktop,27404880,26523.03
2019-08-04,Mobile,14235332,11825.5
2019-08-05,Desktop,32576113,32915.03
2019-08-05,Mobile,12464003,10516.75
2019-08-06,Desktop,32322013,32703.46
2019-08-06,Mobile,13165014,11270.38
2019-08-07,Desktop,34237134,34042.84
2019-08-07,Mobile,13960534,11659.97
2019-08-08,Desktop,35267485,34168.58
2019-08-08,Mobile,14495549,12403.22
2019-08-09,Desktop,33146359,31847.66
2019-08-09,Mobile,13944764,12108.54
2019-08-10,Desktop,24819651,24760.48
2019-08-10,Mobile,12843469,11238.38
2019-08-11,Desktop,29720723,29054.89
2019-08-11,Mobile,15339292,12744.22
2019-08-12,Desktop,35790188,34693.8
2019-08-12,Mobile,13492227,10943.05
2019-08-13,Desktop,35573926,34995.21
2019-08-13,Mobile,13828308,11637.8
2019-08-14,Desktop,34715316,35452.68
2019-08-14,Mobile,13520618,12227.34
2019-08-15,Desktop,33077487,33490.42
2019-08-15,Mobile,13064973,12096.34
2019-08-16,Desktop,31063045,32263.23
2019-08-16,Mobile,12894473,11944.06
2019-08-17,Desktop,22802736,24985.98
2019-08-17,Mobile,12258630,11649.45
2019-08-18,Desktop,27275779,29287.41
2019-08-18,Mobile,14408486,12901.68
2019-08-19,Desktop,33155254,35488.7
2019-08-19,Mobile,12356558,11076.88
2019-08-20,Desktop,33897877,36417.83
2019-08-20,Mobile,13896519,12480.22
2019-08-21,Desktop,34135065,36287.68
2019-08-21,Mobile,15104231,12623.55
2019-08-22,Desktop,33058365,35956.53
2019-08-22,Mobile,15028340,13250.59
2019-08-23,Desktop,30676218,33486.05
2019-08-23,Mobile,14803166,13078.6
2019-08-24,Desktop,22815488,25314.04
2019-08-24,Mobile,13693276,12534.65
2019-08-25,Desktop,27132906,29160.08
2019-08-25,Mobile,15653491,13751.59
2019-08-26,Desktop,32917219,35179.23
2019-08-26,Mobile,13828931,11935.97
2019-08-27,Desktop,33965749,36363.32
2019-08-27,Mobile,15031873,13324.73
2019-08-28,Desktop,33652636,36075.1
2019-08-28,Mobile,14931200,13073.28
2019-08-29,Desktop,31986044,35058.15
2019-08-29,Mobile,14639711,12918.46
2019-08-30,Desktop,28171594,31580.43
2019-08-30,Mobile,13489498,12260.55
2019-08-31,Desktop,20723476,23430.73
2019-08-31,Mobile,12123431,10817.19
2019-09-01,Desktop,25915761,27557.98
2019-09-01,Mobile,15458561,11917.69
2019-09-02,Desktop,22537908,24114.89
2019-09-02,Mobile,13157503,10734.48
2019-09-03,Desktop,31500630,32748.26
2019-09-03,Mobile,13471793,11058.38
2019-09-04,Desktop,34695692,36127.23
2019-09-04,Mobile,15468845,12845.62
2019-09-05,Desktop,33144861,35606.67
2019-09-05,Mobile,15164233,12754.49
2019-09-06,Desktop,31546053,33890.5
2019-09-06,Mobile,14725116,12924.07
2019-09-07,Desktop,22926026,25507.67
2019-09-07,Mobile,13368422,11989.91
2019-09-08,Desktop,27396132,29190.28
2019-09-08,Mobile,15741392,13469.61
2019-09-09,Desktop,33395893,36361.35
2019-09-09,Mobile,13893151,12101.22
2019-09-10,Desktop,34381216,36645.0
2019-09-10,Mobile,15074363,12590.33
2019-09-11,Desktop,35403890,37521.76
2019-09-11,Mobile,15654981,12996.46
2019-09-12,Desktop,33502630,35481.22
2019-09-12,Mobile,14213525,12914.38
2019-09-13,Desktop,32208987,36746.77
2019-09-13,Mobile,14557293,14082.52
2019-09-14,Desktop,22844220,27827.98
2019-09-14,Mobile,12872290,13025.05
2019-09-15,Desktop,28012438,31820.24
2019-09-15,Mobile,16157671,14666.06
2019-09-16,Desktop,34433494,36864.26
2019-09-16,Mobile,14483267,12336.87
2019-09-17,Desktop,35404600,38482.79
2019-09-17,Mobile,15609621,13667.24
2019-09-18,Desktop,36224512,40305.38
2019-09-18,Mobile,15926436,14426.76
2019-09-19,Desktop,33854785,40132.91
2019-09-19,Mobile,15013625,14111.67
2019-09-20,Desktop,32061671,37347.25
2019-09-20,Mobile,14548594,13811.24
2019-09-21,Desktop,24137651,29418.13
2019-09-21,Mobile,14047105,13984.41
2019-09-22,Desktop,28944694,33673.81
2019-09-22,Mobile,16754530,15555.08
2019-09-23,Desktop,35349311,40835.02
2019-09-23,Mobile,14592485,12884.94
2019-09-24,Desktop,34967152,39940.72
2019-09-24,Mobile,14953890,13415.57
2019-09-25,Desktop,32201072,37615.2
2019-09-25,Mobile,12774314,12214.93
2019-09-26,Desktop,29169233,33699.0
2019-09-26,Mobile,10547227,11353.29
2019-09-27,Desktop,28259986,32696.82
2019-09-27,Mobile,10962245,11787.34
2019-09-28,Desktop,20755010,23557.33
2019-09-28,Mobile,10171305,11195.15
2019-09-29,Desktop,25547063,28160.47
2019-09-29,Mobile,11892512,12495.0
2019-09-30,Desktop,30841304,32033.8
2019-09-30,Mobile,10816472,10724.44
2019-10-01,Desktop,30507776,27574.05
2019-10-01,Mobile,10760533,9373.87
2019-10-02,Desktop,32177541,30678.21
2019-10-02,Mobile,11956472,10198.08
2019-10-03,Desktop,35865921,35357.71
2019-10-03,Mobile,15381322,12702.89
2019-10-04,Desktop,36182653,33464.77
2019-10-04,Mobile,16739858,12686.06
2019-10-05,Desktop,26376324,26003.46
2019-10-05,Mobile,15286651,11719.33
2019-10-06,Desktop,31036269,28343.98
2019-10-06,Mobile,18012090,12701.72
2019-10-07,Desktop,38385463,35048.53
2019-10-07,Mobile,16271939,11305.32
2019-10-08,Desktop,37753463,35481.92
2019-10-08,Mobile,16493373,12016.47
2019-10-09,Desktop,38838939,36253.51
2019-10-09,Mobile,15941494,12437.04
2019-10-10,Desktop,37916137,36241.22
2019-10-10,Mobile,13325000,12204.13
2019-10-11,Desktop,35468601,33720.29
2019-10-11,Mobile,15307326,12307.15
2019-10-12,Desktop,26602405,26598.97
2019-10-12,Mobile,14893252,12071.47
2019-10-13,Desktop,30465374,28996.64
2019-10-13,Mobile,16872887,13349.24
2019-10-14,Desktop,32906123,34156.66
2019-10-14,Mobile,13620195,11793.81
2019-10-15,Desktop,33062497,36322.75
2019-10-15,Mobile,13483811,12711.28
2019-10-16,Desktop,33647799,37642.51
2019-10-16,Mobile,13676505,13093.84
2019-10-17,Desktop,32763479,38274.67
2019-10-17,Mobile,13489995,13208.84
2019-10-18,Desktop,30312793,34882.23
2019-10-18,Mobile,13496941,13234.87
2019-10-19,Desktop,22528174,26702.3
2019-10-19,Mobile,12714717,12466.29
2019-10-20,Desktop,25908375,29912.2
2019-10-20,Mobile,14385866,13608.98
2019-10-21,Desktop,32613599,37493.38
2019-10-21,Mobile,13066502,12278.06
2019-10-22,Desktop,33873026,39892.14
2019-10-22,Mobile,14218002,13540.64
2019-10-23,Desktop,33459500,40301.82
2019-10-23,Mobile,14235927,13676.06
2019-10-24,Desktop,32173473,39631.44
2019-10-24,Mobile,13901833,13898.9
2019-10-25,Desktop,29931179,36309.53
2019-10-25,Mobile,13559419,13667.43
2019-10-26,Desktop,22659449,29231.45
2019-10-26,Mobile,12906447,13956.7
2019-10-27,Desktop,25011569,30835.87
2019-10-27,Mobile,14257984,14714.73
2019-10-28,Desktop,30827295,36837.08
2019-10-28,Mobile,12765385,13001.21
2019-10-29,Desktop,32439832,38708.14
2019-10-29,Mobile,14148153,14199.09
2019-10-30,Desktop,33741735,40517.81
2019-10-30,Mobile,13764800,13285.22
2019-10-31,Desktop,32333232,39241.76
2019-10-31,Mobile,13192240,12725.38
2019-11-01,Desktop,30640099,37188.77
2019-11-01,Mobile,13433977,13184.91
2019-11-02,Desktop,23101382,29798.22
2019-11-02,Mobile,13155824,13624.81
2019-11-03,Desktop,25804893,31739.6
2019-11-03,Mobile,14461547,14139.01
2019-11-04,Desktop,32032952,39557.61
2019-11-04,Mobile,12825198,12782.11
2019-11-05,Desktop,32651292,39932.7
2019-11-05,Mobile,13997372,13822.55
2019-11-06,Desktop,33611666,40940.01
2019-11-06,Mobile,14594478,14677.68
2019-11-07,Desktop,33006184,40827.04
2019-11-07,Mobile,14571153,14862.07
2019-11-08,Desktop,30083208,37977.08
2019-11-08,Mobile,14000730,14632.81
2019-11-09,Desktop,23186384,30290.45
2019-11-09,Mobile,13158564,13932.74
2019-11-10,Desktop,26437516,33457.28
2019-11-10,Mobile,14670311,14820.98
2019-11-11,Desktop,30591632,37909.55
2019-11-11,Mobile,12943199,12735.28
2019-11-12,Desktop,34248956,42164.07
2019-11-12,Mobile,14070316,14264.09
2019-11-13,Desktop,33682101,43930.37
2019-11-13,Mobile,13660283,15175.73
2019-11-14,Desktop,31858863,43983.35
2019-11-14,Mobile,12862556,15155.47
2019-11-15,Desktop,29277378,41747.51
2019-11-15,Mobile,12441710,14824.39
2019-11-16,Desktop,22496097,33726.76
2019-11-16,Mobile,12013778,14997.35
2019-11-17,Desktop,25260140,37274.82
2019-11-17,Mobile,13158924,16095.78
2019-11-18,Desktop,30854551,42728.01
2019-11-18,Mobile,12828729,13846.39
2019-11-19,Desktop,33222338,47236.98
2019-11-19,Mobile,15254752,15761.71
2019-11-20,Desktop,33487851,47275.12
2019-11-20,Mobile,15473844,16111.16
2019-11-21,Desktop,32204055,42244.69
2019-11-21,Mobile,14804435,15455.77
2019-11-22,Desktop,33526094,46623.38
2019-11-22,Mobile,16193476,18370.14
2019-11-23,Desktop,24761378,35603.31
2019-11-23,Mobile,14982386,17835.68
2019-11-24,Desktop,27613398,39289.6
2019-11-24,Mobile,15855174,18523.75
2019-11-25,Desktop,31670485,45917.66
2019-11-25,Mobile,13514408,14707.42
2019-11-26,Desktop,31957398,46644.98
2019-11-26,Mobile,13916103,15639.41
2019-11-27,Desktop,29745716,43209.33
2019-11-27,Mobile,13733054,15693.48
2019-11-28,Desktop,20229744,31424.02
2019-11-28,Mobile,11758712,15421.92
2019-11-29,Desktop,25346428,45616.04
2019-11-29,Mobile,14229332,21587.2
2019-11-30,Desktop,24797036,40774.72
2019-11-30,Mobile,15049226,20872.34
2019-12-01,Desktop,29697149,46536.69
2019-12-01,Mobile,17084646,22244.53
2019-12-02,Desktop,35256428,59364.27
2019-12-02,Mobile,14920733,21331.71
2019-12-03,Desktop,35483567,54313.08
2019-12-03,Mobile,15510411,18609.32
2019-12-04,Desktop,36731733,53797.19
2019-12-04,Mobile,16241740,18307.78
2019-12-05,Desktop,35877211,51952.97
2019-12-05,Mobile,15969418,18305.28
2019-12-06,Desktop,32931118,49422.63
2019-12-06,Mobile,15322224,17959.48
2019-12-07,Desktop,24931532,36726.49
2019-12-07,Mobile,14499210,16865.62
2019-12-08,Desktop,27887379,39245.6
2019-12-08,Mobile,15939031,17702.9
2019-12-09,Desktop,33864345,47590.13
2019-12-09,Mobile,14325197,14947.75
2019-12-10,Desktop,34559233,47699.9
2019-12-10,Mobile,15257033,16569.9
2019-12-11,Desktop,35966877,51714.61
2019-12-11,Mobile,15692388,17399.01
2019-12-12,Desktop,34909088,50221.54
2019-12-12,Mobile,15323070,17548.03
2019-12-13,Desktop,33196628,47726.77
2019-12-13,Mobile,15105901,18117.66
2019-12-14,Desktop,25308639,37811.21
2019-12-14,Mobile,14119529,18182.72
2019-12-15,Desktop,28508139,40968.25
2019-12-15,Mobile,15778960,19519.58
2019-12-16,Desktop,33035195,44813.43
2019-12-16,Mobile,14157593,15453.83
2019-12-17,Desktop,34661301,46553.53
2019-12-17,Mobile,15177440,16898.42
2019-12-18,Desktop,33422644,44179.46
2019-12-18,Mobile,15076037,16426.18
2019-12-19,Desktop,32490721,42030.61
2019-12-19,Mobile,15233878,17363.67
2019-12-20,Desktop,30380693,38849.06
2019-12-20,Mobile,14503050,16288.13
2019-12-21,Desktop,23803204,30325.04
2019-12-21,Mobile,13600940,14707.33
2019-12-22,Desktop,25701404,31854.45
2019-12-22,Mobile,14442360,14975.69
2019-12-23,Desktop,27271045,34277.41
2019-12-23,Mobile,12476068,12321.31
2019-12-24,Desktop,23161286,28791.4
2019-12-24,Mobile,11977399,12254.42
2019-12-25,Desktop,18603786,23186.74
2019-12-25,Mobile,11157402,11530.33
2019-12-26,Desktop,29829753,37613.09
2019-12-26,Mobile,15663255,15333.02
2019-12-27,Desktop,31821450,39162.96
2019-12-27,Mobile,17626806,17062.41
2019-12-28,Desktop,26810632,31539.9
2019-12-28,Mobile,15908157,15245.51
2019-12-29,Desktop,27377238,30621.85
2019-12-29,Mobile,16498866,14670.08
2019-12-30,Desktop,29652769,32956.82
2019-12-30,Mobile,13655833,11802.8
2019-12-31,Desktop,28467591,30247.05
2019-12-31,Mobile,13596247,11318.48
2020-01-01,Desktop,21849377,17893.16
2020-01-01,Mobile,13461899,9153.16
2020-01-02,Desktop,28119504,23209.69
2020-01-02,Mobile,14433674,9629.77
2020-01-03,Desktop,29195040,23318.99
2020-01-03,Mobile,15819684,10621.08
2020-01-04,Desktop,24807576,18924.79
2020-01-04,Mobile,15507083,10222.29
2020-01-05,Desktop,26156647,20144.32
2020-01-05,Mobile,16023452,10161.34
2020-01-06,Desktop,30558436,23758.82
2020-01-06,Mobile,13807417,8552.76
2020-01-07,Desktop,31901088,24092.41
2020-01-07,Mobile,14717035,9357.51
2020-01-08,Desktop,33498434,25414.88
2020-01-08,Mobile,15173681,9376.21
2020-01-09,Desktop,33054280,25180.78
2020-01-09,Mobile,15102805,9406.35
2020-01-10,Desktop,34510495,26465.65
2020-01-10,Mobile,15343097,9883.27
2020-01-11,Desktop,27336809,21285.23
2020-01-11,Mobile,15133982,9847.22
2020-01-12,Desktop,30156046,23404.27
2020-01-12,Mobile,16327530,10527.9
2020-01-13,Desktop,37756087,28149.93
2020-01-13,Mobile,14416539,9325.8
2020-01-14,Desktop,36652991,27857.47
2020-01-14,Mobile,14729840,10016.17
2020-01-15,Desktop,37529690,29138.47
2020-01-15,Mobile,15626270,10429.07
2020-01-16,Desktop,37979415,29343.73
2020-01-16,Mobile,15999625,10732.92
2020-01-17,Desktop,35742343,27993.01
2020-01-17,Mobile,15351560,10855.69
2020-01-18,Desktop,28318524,24113.86
2020-01-18,Mobile,15285016,11280.94
2020-01-19,Desktop,31894366,25684.45
2020-01-19,Mobile,16751242,11668.52
2020-01-20,Desktop,33219430,26522.96
2020-01-20,Mobile,14457581,9804.98
2020-01-21,Desktop,36983043,29008.25
2020-01-21,Mobile,15001918,9926.81
2020-01-22,Desktop,39005218,31843.08
2020-01-22,Mobile,16153130,10583.23
2020-01-23,Desktop,38236086,31357.6
2020-01-23,Mobile,16720321,11142.71
2020-01-24,Desktop,35408571,28985.15
2020-01-24,Mobile,15524177,10495.76
2020-01-25,Desktop,28368526,23502.6
2020-01-25,Mobile,15213909,10491.06
2020-01-26,Desktop,31236622,24803.46
2020-01-26,Mobile,15914449,10525.21
2020-01-27,Desktop,34727841,27433.81
2020-01-27,Mobile,13519666,8725.84
2020-01-28,Desktop,34953557,29890.52
2020-01-28,Mobile,14869823,10019.78
2020-01-29,Desktop,35418987,31756.93
2020-01-29,Mobile,14996578,10282.04
2020-01-30,Desktop,33800636,30584.62
2020-01-30,Mobile,14613782,10567.14
2020-01-31,Desktop,30226721,26219.55
2020-01-31,Mobile,13702528,9558.02
2020-02-01,Desktop,23872821,21185.42
2020-02-01,Mobile,13589531,9618.21
2020-02-02,Desktop,26013689,22165.2
2020-02-02,Mobile,13988899,9709.71
2020-02-03,Desktop,31641974,27258.18
2020-02-03,Mobile,12930578,8780.53
2020-02-04,Desktop,33965760,27714.31
2020-02-04,Mobile,14210610,9430.09
2020-02-05,Desktop,34563628,28178.48
2020-02-05,Mobile,14416161,9641.41
2020-02-06,Desktop,35423831,28426.73
2020-02-06,Mobile,14472799,9635.36
2020-02-07,Desktop,32148851,26856.74
2020-02-07,Mobile,13549616,9213.22
2020-02-08,Desktop,25652411,22225.31
2020-02-08,Mobile,13285163,9552.09
2020-02-09,Desktop,28957085,24197.47
2020-02-09,Mobile,14930464,10242.95
2020-02-10,Desktop,32581261,28878.2
2020-02-10,Mobile,12293261,8939.25
2020-02-11,Desktop,33845854,30018.86
2020-02-11,Mobile,13372171,9581.8
2020-02-12,Desktop,32506907,30234.49
2020-02-12,Mobile,12882152,9522.22
2020-02-13,Desktop,31959943,30601.76
2020-02-13,Mobile,12611795,9808.34
2020-02-14,Desktop,30591644,30976.8
2020-02-14,Mobile,11905091,9717.84
2020-02-15,Desktop,24665441,24890.67
2020-02-15,Mobile,12222325,10085.11
2020-02-16,Desktop,27520996,27740.92
2020-02-16,Mobile,13697004,11186.36
2020-02-17,Desktop,30234376,30664.21
2020-02-17,Mobile,12395538,9704.93
2020-02-18,Desktop,33509244,32600.02
2020-02-18,Mobile,13034146,10016.45
2020-02-19,Desktop,34919863,33818.16
2020-02-19,Mobile,14245901,10890.67
2020-02-20,Desktop,33416955,31655.41
2020-02-20,Mobile,13990739,10824.26
2020-02-21,Desktop,32303921,31654.72
2020-02-21,Mobile,13556263,10946.99
2020-02-22,Desktop,25006521,24967.18
2020-02-22,Mobile,13058859,10818.57
2020-02-23,Desktop,27379822,26666.39
2020-02-23,Mobile,14144005,11274.22
2020-02-24,Desktop,32430763,31196.39
2020-02-24,Mobile,12662037,9871.62
2020-02-25,Desktop,32275310,32119.0
2020-02-25,Mobile,13826737,11219.61
2020-02-26,Desktop,33541985,34779.27
2020-02-26,Mobile,14022265,12237.57
2020-02-27,Desktop,33022776,34024.47
2020-02-27,Mobile,13924755,12187.24
2020-02-28,Desktop,30979328,32180.31
2020-02-28,Mobile,13615153,11813.7
2020-02-29,Desktop,24611469,25830.81
2020-02-29,Mobile,12957417,11287.41
2020-03-01,Desktop,26825482,28390.63
2020-03-01,Mobile,14455146,12310.96
2020-03-02,Desktop,32027454,33485.2
2020-03-02,Mobile,12293138,10189.97
2020-03-03,Desktop,31832017,32489.95
2020-03-03,Mobile,12078009,10530.46
2020-03-04,Desktop,31868715,31901.59
2020-03-04,Mobile,11881686,10138.34
2020-03-05,Desktop,32358003,33009.06
2020-03-05,Mobile,12238574,10703.36
2020-03-06,Desktop,31653737,31052.72
2020-03-06,Mobile,12654769,10630.46
2020-03-07,Desktop,23642678,23446.21
2020-03-07,Mobile,12257212,10629.76
2020-03-08,Desktop,27375431,27984.01
2020-03-08,Mobile,13093250,11746.94
2020-03-09,Desktop,30733429,30191.16
2020-03-09,Mobile,11338850,9535.56
2020-03-10,Desktop,32241220,30893.67
2020-03-10,Mobile,12243104,10160.63
2020-03-11,Desktop,32286210,29350.81
2020-03-11,Mobile,12661295,10262.31
2020-03-12,Desktop,28855363,27573.4
2020-03-12,Mobile,11299210,9638.5
2020-03-13,Desktop,27043913,25930.56
2020-03-13,Mobile,11007117,9141.45
2020-03-14,Desktop,22085520,21658.17
2020-03-14,Mobile,10880078,9335.25
2020-03-15,Desktop,24303982,23011.19
2020-03-15,Mobile,11861294,9528.56
2020-03-16,Desktop,24965746,22804.86
2020-03-16,Mobile,9317818,7352.48
2020-03-17,Desktop,25474005,23003.44
2020-03-17,Mobile,9740206,7644.07
2020-03-18,Desktop,25164197,22552.76
2020-03-18,Mobile,10004861,7974.64
2020-03-19,Desktop,24970046,22066.82
2020-03-19,Mobile,10343989,8341.0
2020-03-20,Desktop,23218287,19939.73
2020-03-20,Mobile,9674260,7429.05
2020-03-21,Desktop,20889297,17739.66
2020-03-21,Mobile,10500839,7543.25
2020-03-22,Desktop,22929946,19227.25
2020-03-22,Mobile,11298100,7932.57
2020-03-23,Desktop,25129274,19844.19
2020-03-23,Mobile,10079250,6599.99
2020-03-24,Desktop,27843099,20129.94
2020-03-24,Mobile,11611251,7160.59
2020-03-25,Desktop,28201410,20451.93
2020-03-25,Mobile,11491024,6908.98
2020-03-26,Desktop,28137899,20763.78
2020-03-26,Mobile,11215689,7404.25
2020-03-27,Desktop,27260097,20319.97
2020-03-27,Mobile,11181429,7609.12
2020-03-28,Desktop,25841374,19159.84
2020-03-28,Mobile,11662710,8171.23
2020-03-29,Desktop,29281696,20518.28
2020-03-29,Mobile,13219048,8545.16
2020-03-30,Desktop,27927903,20142.11
2020-03-30,Mobile,10098162,6696.64
2020-03-31,Desktop,28331607,19218.96
2020-03-31,Mobile,10309068,6770.59
2020-04-01,Desktop,27426722,15749.17
2020-04-01,Mobile,10663336,5821.24
2020-04-02,Desktop,28036360,16093.56
2020-04-02,Mobile,11010570,5858.99
2020-04-03,Desktop,28097242,15752.1
2020-04-03,Mobile,10854298,5637.88
2020-04-04,Desktop,25935539,14878.9
2020-04-04,Mobile,11446560,6059.33
2020-04-05,Desktop,29527992,16823.89
2020-04-05,Mobile,12718717,6738.17
2020-04-06,Desktop,28502263,16360.92
2020-04-06,Mobile,10341931,5262.24
2020-04-07,Desktop,28713696,16460.22
2020-04-07,Mobile,11526489,5694.6
2020-04-08,Desktop,29530747,16240.9
2020-04-08,Mobile,12541932,5896.14
2020-04-09,Desktop,29354449,16152.72
2020-04-09,Mobile,12718441,5960.36
2020-04-10,Desktop,28418164,15287.75
2020-04-10,Mobile,11798142,5528.17
2020-04-11,Desktop,27768846,15005.2
2020-04-11,Mobile,11034778,5142.03
2020-04-12,Desktop,28837065,15050.55
2020-04-12,Mobile,11735722,5212.94
2020-04-13,Desktop,29882327,15857.42
2020-04-13,Mobile,10042234,4486.64
2020-04-14,Desktop,30968335,16277.27
2020-04-14,Mobile,11079916,4994.7
2020-04-15,Desktop,31921153,16165.67
2020-04-15,Mobile,11120308,5029.33
2020-04-16,Desktop,32205908,16504.26
2020-04-16,Mobile,11548356,5351.94
2020-04-17,Desktop,29950501,16093.64
2020-04-17,Mobile,12182049,5826.85
2020-04-18,Desktop,28644024,15425.5
2020-04-18,Mobile,12006716,5814.48
2020-04-19,Desktop,32463140,17237.7
2020-04-19,Mobile,13840541,6582.84
2020-04-20,Desktop,32998918,17839.21
2020-04-20,Mobile,11101108,5271.31
2020-04-21,Desktop,33601765,18283.56
2020-04-21,Mobile,11924511,5709.21
2020-04-22,Desktop,35097086,18557.65
2020-04-22,Mobile,12811058,6044.9
2020-04-23,Desktop,33571551,17597.72
2020-04-23,Mobile,12934485,6159.75
2020-04-24,Desktop,32959661,17201.75
2020-04-24,Mobile,12567220,5975.82
2020-04-25,Desktop,28663447,15395.46
2020-04-25,Mobile,12500220,6287.99
2020-04-26,Desktop,33442069,17360.24
2020-04-26,Mobile,13758828,6820.24
2020-04-27,Desktop,33118486,17676.04
2020-04-27,Mobile,11523708,5650.61
2020-04-28,Desktop,32837393,17386.46
2020-04-28,Mobile,12249859,5865.37
2020-04-29,Desktop,33486037,17428.5
2020-04-29,Mobile,12282411,5883.65
2020-04-30,Desktop,32951967,16800.03
2020-04-30,Mobile,12180269,5677.53
2020-05-01,Desktop,28648555,15096.24
2020-05-01,Mobile,11228357,5499.65
2020-05-02,Desktop,24312408,13611.72
2020-05-02,Mobile,11461481,5891.61
2020-05-03,Desktop,28314855,15117.61
2020-05-03,Mobile,12922542,6226.09
2020-05-04,Desktop,29527603,15489.89
2020-05-04,Mobile,11342879,5552.21
2020-05-05,Desktop,30779824,16971.3
2020-05-05,Mobile,12726022,6848.23
2020-05-06,Desktop,31161707,16785.66
2020-05-06,Mobile,12730089,6863.3
2020-05-07,Desktop,29635690,15794.88
2020-05-07,Mobile,12025792,6302.66
2020-05-08,Desktop,29170647,15260.23
2020-05-08,Mobile,11725680,5924.81
2020-05-09,Desktop,26325720,14263.12
2020-05-09,Mobile,11856818,6316.51
2020-05-10,Desktop,28488075,15820.86
2020-05-10,Mobile,13105064,6975.91
2020-05-11,Desktop,28286594,16145.69
2020-05-11,Mobile,11091243,6025.73
2020-05-12,Desktop,25962388,16994.58
2020-05-12,Mobile,10619458,6698.28
2020-05-13,Desktop,27278715,17152.91
2020-05-13,Mobile,11400889,7088.67
2020-05-14,Desktop,28318055,17163.05
2020-05-14,Mobile,11450821,6871.73
2020-05-15,Desktop,27098547,16149.38
2020-05-15,Mobile,10764280,6032.61
2020-05-16,Desktop,23060483,14759.01
2020-05-16,Mobile,9599922,5566.57
2020-05-17,Desktop,28898496,17895.43
2020-05-17,Mobile,11530946,6670.63
2020-05-18,Desktop,27688125,17444.3
2020-05-18,Mobile,9426391,5162.47
2020-05-19,Desktop,28181149,17718.86
2020-05-19,Mobile,10054154,5500.62
2020-05-20,Desktop,27659287,18080.77
2020-05-20,Mobile,10163961,5780.27
2020-05-21,Desktop,27187024,17770.35
2020-05-21,Mobile,10901153,6397.89
2020-05-22,Desktop,27944037,17573.34
2020-05-22,Mobile,11621660,6645.49
2020-05-23,Desktop,23181234,15778.16
2020-05-23,Mobile,11385566,6726.52
2020-05-24,Desktop,25945940,17756.75
2020-05-24,Mobile,12863777,7922.77
2020-05-25,Desktop,21363366,14918.55
2020-05-25,Mobile,11212577,6606.63
2020-05-26,Desktop,27233720,18271.61
2020-05-26,Mobile,10696488,6317.09
2020-05-27,Desktop,28229153,19112.85
2020-05-27,Mobile,11647011,6877.73
2020-05-28,Desktop,28671000,18930.11
2020-05-28,Mobile,11609282,6996.01
2020-05-29,Desktop,26022612,17573.11
2020-05-29,Mobile,10304917,6751.53
2020-05-30,Desktop,22367181,15003.37
2020-05-30,Mobile,9957793,6744.27
2020-05-31,Desktop,24475723,16359.0
2020-05-31,Mobile,11047054,7287.78
2020-06-01,Desktop,23593250,15887.57
2020-06-01,Mobile,8568360,5411.32
2020-06-02,Desktop,24679178,15103.89
2020-06-02,Mobile,8768659,5161.9
2020-06-03,Desktop,25258524,15299.7
2020-06-03,Mobile,9297828,5323.77
2020-06-04,Desktop,24372063,14871.56
2020-06-04,Mobile,9424671,5202.1
2020-06-05,Desktop,23397953,13884.19
2020-06-05,Mobile,9067073,5042.48
2020-06-06,Desktop,21338672,12781.08
2020-06-06,Mobile,9452673,5340.23
2020-06-07,Desktop,24824699,14537.71
2020-06-07,Mobile,10667047,6040.33
2020-06-08,Desktop,24311934,14961.46
2020-06-08,Mobile,9000512,5044.47
2020-06-09,Desktop,25172870,16521.12
2020-06-09,Mobile,9748493,5799.34
2020-06-10,Desktop,26010998,16753.59
2020-06-10,Mobile,10211845,6127.29
2020-06-11,Desktop,25565568,16648.59
2020-06-11,Mobile,10058273,6018.77
2020-06-12,Desktop,24614328,16129.98
2020-06-12,Mobile,9531625,5666.24
2020-06-13,Desktop,20952678,14301.11
2020-06-13,Mobile,9309128,5753.8
2020-06-14,Desktop,24427126,16140.09
2020-06-14,Mobile,10948721,6587.45
2020-06-15,Desktop,25895040,17265.15
2020-06-15,Mobile,9677301,5750.64
2020-06-16,Desktop,26424544,17773.35
2020-06-16,Mobile,10240349,6360.2
2020-06-17,Desktop,26777152,18104.32
2020-06-17,Mobile,10188903,6538.23
2020-06-18,Desktop,26555922,18456.4
2020-06-18,Mobile,10053499,6605.36
2020-06-19,Desktop,25679790,17978.92
2020-06-19,Mobile,9959986,6278.7
2020-06-20,Desktop,21546870,15507.3
2020-06-20,Mobile,9679386,6346.22
2020-06-21,Desktop,24246799,17030.42
2020-06-21,Mobile,10770546,6961.83
2020-06-22,Desktop,26827635,19023.63
2020-06-22,Mobile,9473194,6235.3
2020-06-23,Desktop,26323236,18996.69
2020-06-23,Mobile,9764902,6421.56
2020-06-24,Desktop,27170890,20018.39
2020-06-24,Mobile,10369851,7261.63
2020-06-25,Desktop,27673993,21216.83
2020-06-25,Mobile,10148909,7340.44
2020-06-26,Desktop,26698483,20906.55
2020-06-26,Mobile,10339212,7595.12
2020-06-27,Desktop,22348991,17800.41
2020-06-27,Mobile,10278233,7499.27
2020-06-28,Desktop,25490489,19248.62
2020-06-28,Mobile,11296369,7958.37
2020-06-29,Desktop,27244097,21408.34
2020-06-29,Mobile,9788268,6793.34
2020-06-30,Desktop,26045148,20681.8
2020-06-30,Mobile,9964913,7061.81
2020-07-01,Desktop,23381846,16351.98
2020-07-01,Mobile,9288470,5911.45
2020-07-02,Desktop,22507540,16208.62
2020-07-02,Mobile,9272805,6081.78
2020-07-03,Desktop,19805632,14050.29
2020-07-03,Mobile,9238823,5938.42
2020-07-04,Desktop,18070372,12902.62
2020-07-04,Mobile,8266719,5315.04
2020-07-05,Desktop,22201964,15343.59
2020-07-05,Mobile,10714715,6645.72
2020-07-06,Desktop,24134264,16207.92
2020-07-06,Mobile,10180885,6225.44
2020-07-07,Desktop,25042500,16390.8
2020-07-07,Mobile,10177866,6108.86
2020-07-08,Desktop,24876334,16909.33
2020-07-08,Mobile,9979878,6367.36
2020-07-09,Desktop,24113339,16623.07
2020-07-09,Mobile,9837312,6490.4
2020-07-10,Desktop,24309101,16118.14
2020-07-10,Mobile,10120223,6327.29
2020-07-11,Desktop,20654031,14001.68
2020-07-11,Mobile,9677068,6248.89
2020-07-12,Desktop,24478047,15847.16
2020-07-12,Mobile,11208060,7033.11
2020-07-13,Desktop,26168028,17484.11
2020-07-13,Mobile,9514161,6123.28
2020-07-14,Desktop,27029611,18870.27
2020-07-14,Mobile,10484270,7114.98
2020-07-15,Desktop,28535733,19080.21
2020-07-15,Mobile,10381184,6895.03
2020-07-16,Desktop,27620245,18509.5
2020-07-16,Mobile,10577736,6876.41
2020-07-17,Desktop,25549022,17267.46
2020-07-17,Mobile,10595283,6830.69
2020-07-18,Desktop,21903695,15390.63
2020-07-18,Mobile,10301720,6826.98
2020-07-19,Desktop,26147358,17744.4
2020-07-19,Mobile,11361613,7349.84
2020-07-20,Desktop,26974881,18409.99
2020-07-20,Mobile,9615619,6264.36
2020-07-21,Desktop,27590589,18550.36
2020-07-21,Mobile,10413621,6713.4
2020-07-22,Desktop,28779403,20158.43
2020-07-22,Mobile,10869066,7076.08
2020-07-23,Desktop,27693980,20487.84
2020-07-23,Mobile,10635921,7399.66
2020-07-24,Desktop,25732819,19235.25
2020-07-24,Mobile,10500795,7314.76
2020-07-25,Desktop,21482382,16693.33
2020-07-25,Mobile,10051662,7185.29
2020-07-26,Desktop,26062689,19621.98
2020-07-26,Mobile,11367179,8109.44
2020-07-27,Desktop,27076754,20150.82
2020-07-27,Mobile,10240254,6931.93
2020-07-28,Desktop,25435845,18835.13
2020-07-28,Mobile,10365988,7023.36
2020-07-29,Desktop,26550101,19975.99
2020-07-29,Mobile,10779736,7436.39
2020-07-30,Desktop,25232282,19708.66
2020-07-30,Mobile,10796236,7445.84
2020-07-31,Desktop,23432340,18217.57
2020-07-31,Mobile,9770925,6775.19
2020-08-01,Desktop,20368194,14908.45
2020-08-01,Mobile,10212629,6991.54
2020-08-02,Desktop,23791338,16762.36
2020-08-02,Mobile,11574688,7753.56
2020-08-03,Desktop,24316305,18411.56
2020-08-03,Mobile,9893420,6696.09
2020-08-04,Desktop,24719600,18644.75
2020-08-04,Mobile,10024544,7026.26
2020-08-05,Desktop,25086482,19084.78
2020-08-05,Mobile,10154808,7088.15
2020-08-06,Desktop,25524562,20140.23
2020-08-06,Mobile,11048715,8209.18
2020-08-07,Desktop,24732390,19845.34
2020-08-07,Mobile,11054226,7867.03
2020-08-08,Desktop,20076934,15859.86
2020-08-08,Mobile,10588594,7730.37
2020-08-09,Desktop,23730198,17957.48
2020-08-09,Mobile,12077581,8485.84
2020-08-10,Desktop,25052443,19821.26
2020-08-10,Mobile,10137845,7070.59
2020-08-11,Desktop,25512978,20062.94
2020-08-11,Mobile,10526668,7357.29
2020-08-12,Desktop,26893273,21332.2
2020-08-12,Mobile,10936672,7750.78
2020-08-13,Desktop,26829164,22196.4
2020-08-13,Mobile,10837208,8000.44
2020-08-14,Desktop,24609995,20499.68
2020-08-14,Mobile,10790657,8023.06
2020-08-15,Desktop,21152506,17849.68
2020-08-15,Mobile,10602222,8165.91
2020-08-16,Desktop,25860753,20548.66
2020-08-16,Mobile,12152621,8886.84
2020-08-17,Desktop,26571849,22495.03
2020-08-17,Mobile,10111636,7540.48
2020-08-18,Desktop,27894377,23041.78
2020-08-18,Mobile,11043812,8187.52
2020-08-19,Desktop,28813099,24330.11
2020-08-19,Mobile,11360602,8570.32
2020-08-20,Desktop,28820359,23995.56
2020-08-20,Mobile,11889937,8782.63
2020-08-21,Desktop,26750531,22529.57
2020-08-21,Mobile,11561174,8574.59
2020-08-22,Desktop,22958512,19360.03
2020-08-22,Mobile,11254630,8656.95
2020-08-23,Desktop,28472688,22562.53
2020-08-23,Mobile,12900287,9699.23
2020-08-24,Desktop,30413804,25717.33
2020-08-24,Mobile,10822124,8074.71
2020-08-25,Desktop,29455115,24259.98
2020-08-25,Mobile,11319766,8433.9
2020-08-26,Desktop,28870879,24055.24
2020-08-26,Mobile,11144218,8487.35
2020-08-27,Desktop,28715990,23982.07
2020-08-27,Mobile,11167812,8548.71
2020-08-28,Desktop,26784217,22251.33
2020-08-28,Mobile,10660656,8275.2
2020-08-29,Desktop,23763502,19036.1
2020-08-29,Mobile,10989150,8345.19
2020-08-30,Desktop,26460213,21734.72
2020-08-30,Mobile,12069762,9509.39
2020-08-31,Desktop,27842427,22957.74
2020-08-31,Mobile,10131778,7561.3
2020-09-01,Desktop,27564258,22351.42
2020-09-01,Mobile,10632245,8078.12
2020-09-02,Desktop,29136104,22789.64
2020-09-02,Mobile,11059140,8290.6
2020-09-03,Desktop,27920253,22770.0
2020-09-03,Mobile,11005341,8417.05
2020-09-04,Desktop,25893035,20993.56
2020-09-04,Mobile,10816471,7898.6
2020-09-05,Desktop,21604442,17861.31
2020-09-05,Mobile,10576054,7822.54
2020-09-06,Desktop,26077734,21156.06
2020-09-06,Mobile,12182810,8924.9
2020-09-07,Desktop,21361203,17513.65
2020-09-07,Mobile,10355293,7580.45
2020-09-08,Desktop,28467770,22636.27
2020-09-08,Mobile,10611650,7586.48
2020-09-09,Desktop,30453757,23995.92
2020-09-09,Mobile,11684382,8594.59
2020-09-10,Desktop,31293775,25338.88
2020-09-10,Mobile,11822166,9069.6
2020-09-11,Desktop,29181133,24503.89
2020-09-11,Mobile,11675434,9243.38
2020-09-12,Desktop,23361958,21966.97
2020-09-12,Mobile,11283710,9262.9
2020-09-13,Desktop,27528809,25405.44
2020-09-13,Mobile,12459555,10376.06
2020-09-14,Desktop,29092528,23988.33
2020-09-14,Mobile,10400146,7866.68
2020-09-15,Desktop,29021757,24192.26
2020-09-15,Mobile,11066242,8307.49
2020-09-16,Desktop,29274539,25648.58
2020-09-16,Mobile,11494323,8972.7
2020-09-17,Desktop,29146445,26060.32
2020-09-17,Mobile,11891374,9458.53
2020-09-18,Desktop,27988863,26152.59
2020-09-18,Mobile,11375292,9289.6
2020-09-19,Desktop,22481043,21363.39
2020-09-19,Mobile,11033554,9685.57
2020-09-20,Desktop,26903001,23943.16
2020-09-20,Mobile,12446730,10752.21
2020-09-21,Desktop,28169899,26558.67
2020-09-21,Mobile,10344643,8931.04
2020-09-22,Desktop,27763718,27027.06
2020-09-22,Mobile,10726257,9800.63
2020-09-23,Desktop,29223653,28862.74
2020-09-23,Mobile,10751387,9817.15
2020-09-24,Desktop,28683480,28644.62
2020-09-24,Mobile,11049463,10451.24
2020-09-25,Desktop,27758930,27848.06
2020-09-25,Mobile,11321807,10821.12
2020-09-26,Desktop,23048553,23125.58
2020-09-26,Mobile,11333339,11075.9
2020-09-27,Desktop,26884028,26006.68
2020-09-27,Mobile,12473322,12186.71
2020-09-28,Desktop,30373954,28676.29
2020-09-28,Mobile,11725308,10288.5
2020-09-29,Desktop,29709930,29383.31
2020-09-29,Mobile,11887632,10827.3
2020-09-30,Desktop,27737229,28765.28
2020-09-30,Mobile,10433656,10408.21
2020-10-01,Desktop,26788019,25453.18
2020-10-01,Mobile,10572091,9677.16
2020-10-02,Desktop,25269119,24140.72
2020-10-02,Mobile,9943378,9169.27
2020-10-03,Desktop,21430403,20403.68
2020-10-03,Mobile,9938608,9286.04
2020-10-04,Desktop,25553785,23632.43
2020-10-04,Mobile,11681176,10610.05
2020-10-05,Desktop,27365230,27007.76
2020-10-05,Mobile,10028905,9075.8
2020-10-06,Desktop,27584408,26834.99
2020-10-06,Mobile,10610970,9876.4
2020-10-07,Desktop,27796864,27453.15
2020-10-07,Mobile,10437365,9887.3
2020-10-08,Desktop,26743824,26718.83
2020-10-08,Mobile,10261490,10082.18
2020-10-09,Desktop,25738837,26833.96
2020-10-09,Mobile,10038852,10323.19
2020-10-10,Desktop,21861103,23328.01
2020-10-10,Mobile,10060767,10673.67
2020-10-11,Desktop,26055877,27481.46
2020-10-11,Mobile,11441833,12114.12
2020-10-12,Desktop,27540480,29198.55
2020-10-12,Mobile,10122013,10084.23
2020-10-13,Desktop,30652309,32071.11
2020-10-13,Mobile,11081528,11226.6
2020-10-14,Desktop,29230744,31875.53
2020-10-14,Mobile,10873901,11595.0
2020-10-15,Desktop,28890846,32367.83
2020-10-15,Mobile,10768096,11754.79
2020-10-16,Desktop,27475473,32029.5
2020-10-16,Mobile,10793623,12117.9
2020-10-17,Desktop,22596976,26648.23
2020-10-17,Mobile,10372661,12304.36
2020-10-18,Desktop,27006477,30348.16
2020-10-18,Mobile,11887415,13739.94
2020-10-19,Desktop,28654969,32664.2
2020-10-19,Mobile,10070159,11023.84
2020-10-20,Desktop,29117262,34452.1
2020-10-20,Mobile,10426669,11995.9
2020-10-21,Desktop,30081056,39183.03
2020-10-21,Mobile,10826078,12789.52
2020-10-22,Desktop,28856396,37307.21
2020-10-22,Mobile,10502859,13002.65
2020-10-23,Desktop,27327432,34213.09
2020-10-23,Mobile,10277531,12524.6
2020-10-24,Desktop,23274122,29160.01
2020-10-24,Mobile,10228295,12842.3
2020-10-25,Desktop,26464588,32240.56
2020-10-25,Mobile,11778637,14419.04
2020-10-26,Desktop,29477402,37389.82
2020-10-26,Mobile,10179936,12354.84
2020-10-27,Desktop,29557798,38517.75
2020-10-27,Mobile,10243503,13162.45
2020-10-28,Desktop,31649445,44905.06
2020-10-28,Mobile,10660142,14285.37
2020-10-29,Desktop,31053517,40488.38
2020-10-29,Mobile,10602486,13937.41
2020-10-30,Desktop,29112469,38418.0
2020-10-30,Mobile,10308765,13586.35
2020-10-31,Desktop,23112619,30074.74
2020-10-31,Mobile,9748963,12889.75
2020-11-01,Desktop,27166147,32876.07
2020-11-01,Mobile,11451335,14559.56
2020-11-02,Desktop,28807963,38150.37
2020-11-02,Mobile,9337471,12238.81
2020-11-03,Desktop,27156864,37234.84
2020-11-03,Mobile,8707283,12970.87
2020-11-04,Desktop,24321287,23707.72
2020-11-04,Mobile,8248323,7947.23
2020-11-05,Desktop,27956876,26571.69
2020-11-05,Mobile,9497540,9027.16
2020-11-06,Desktop,27833449,25690.28
2020-11-06,Mobile,9734501,9026.63
2020-11-07,Desktop,22906984,21546.13
2020-11-07,Mobile,9722508,9134.68
2020-11-08,Desktop,27996912,25668.81
2020-11-08,Mobile,11849689,10818.7
2020-11-09,Desktop,29765144,28564.18
2020-11-09,Mobile,9813082,9278.47
2020-11-10,Desktop,30215645,29367.42
2020-11-10,Mobile,10629419,10345.26
2020-11-11,Desktop,30960891,29931.37
2020-11-11,Mobile,11062156,11114.13
2020-11-12,Desktop,31027521,31509.95
2020-11-12,Mobile,10609259,11162.06
2020-11-13,Desktop,29803537,30536.93
2020-11-13,Mobile,10213050,11169.21
2020-11-14,Desktop,24676495,26096.07
2020-11-14,Mobile,10326035,11376.38
2020-11-15,Desktop,28949088,30424.02
2020-11-15,Mobile,11874359,12767.33
2020-11-16,Desktop,29787532,31108.97
2020-11-16,Mobile,9468272,9819.51
2020-11-17,Desktop,30898081,33573.68
2020-11-17,Mobile,11038130,11647.3
2020-11-18,Desktop,32534265,35090.55
2020-11-18,Mobile,11743242,12150.56
2020-11-19,Desktop,33001131,37245.41
2020-11-19,Mobile,11846937,12639.54
2020-11-20,Desktop,31696103,32976.06
2020-11-20,Mobile,11522566,12206.32
2020-11-21,Desktop,26924879,28899.7
2020-11-21,Mobile,11622053,12640.92
2020-11-22,Desktop,31814439,33156.67
2020-11-22,Mobile,13742896,14298.68
2020-11-23,Desktop,32147220,35199.93
2020-11-23,Mobile,11217712,11344.28
2020-11-24,Desktop,32526397,36487.84
2020-11-24,Mobile,12007412,12633.64
2020-11-25,Desktop,31126982,35613.8
2020-11-25,Mobile,11592031,12629.4
2020-11-26,Desktop,23593043,27338.54
2020-11-26,Mobile,10431468,12088.92
2020-11-27,Desktop,26654048,37155.71
2020-11-27,Mobile,11862354,16190.98
2020-11-28,Desktop,27261671,36773.14
2020-11-28,Mobile,12857611,17250.35
2020-11-29,Desktop,32285556,41173.95
2020-11-29,Mobile,14561797,18646.57
2020-11-30,Desktop,34478504,47680.37
2020-11-30,Mobile,12180621,15500.15
2020-12-01,Desktop,33875114,40524.29
2020-12-01,Mobile,11908985,14248.74
2020-12-02,Desktop,35339079,40961.95
2020-12-02,Mobile,11853531,13896.59
2020-12-03,Desktop,35127370,39835.22
2020-12-03,Mobile,12136290,13903.08
2020-12-04,Desktop,33747084,39231.83
2020-12-04,Mobile,11944493,13743.5
2020-12-05,Desktop,26375807,32787.26
2020-12-05,Mobile,11482156,13994.83
2020-12-06,Desktop,30733064,36898.08
2020-12-06,Mobile,13229337,15650.08
2020-12-07,Desktop,30487682,39215.53
2020-12-07,Mobile,10723144,13146.28
2020-12-08,Desktop,30534356,38741.39
2020-12-08,Mobile,11423214,13563.13
2020-12-09,Desktop,32032861,40055.04
2020-12-09,Mobile,11929658,14018.51
2020-12-10,Desktop,30830173,39549.44
2020-12-10,Mobile,12109490,14313.42
2020-12-11,Desktop,27839930,35973.91
2020-12-11,Mobile,11675411,13858.53
2020-12-12,Desktop,25350584,32343.73
2020-12-12,Mobile,12397370,14757.95
2020-12-13,Desktop,28977903,36193.58
2020-12-13,Mobile,13659408,16184.15
2020-12-14,Desktop,30418916,38845.36
2020-12-14,Mobile,11425248,13479.28
2020-12-15,Desktop,29938250,39314.1
2020-12-15,Mobile,11770577,14318.52
2020-12-16,Desktop,28995093,38365.38
2020-12-16,Mobile,11625559,13843.05
2020-12-17,Desktop,27528768,37001.89
2020-12-17,Mobile,11424961,13838.52
2020-12-18,Desktop,28038265,36866.85
2020-12-18,Mobile,11431802,13939.19
2020-12-19,Desktop,24019124,30824.74
2020-12-19,Mobile,11717103,13903.24
2020-12-20,Desktop,27300870,33966.96
2020-12-20,Mobile,12892965,14881.38
2020-12-21,Desktop,28523666,37304.05
2020-12-21,Mobile,10326876,12244.28
2020-12-22,Desktop,27551974,35633.5
2020-12-22,Mobile,10098278,12157.6
2020-12-23,Desktop,27642095,34965.78
2020-12-23,Mobile,10051113,11780.79
2020-12-24,Desktop,24180404,28664.46
2020-12-24,Mobile,9733691,11090.03
2020-12-25,Desktop,19017456,22682.32
2020-12-25,Mobile,8839348,10018.39
2020-12-26,Desktop,23412518,28480.47
2020-12-26,Mobile,11426409,12948.84
2020-12-27,Desktop,28570752,33290.9
2020-12-27,Mobile,13621373,15075.11
2020-12-28,Desktop,30820998,36602.85
2020-12-28,Mobile,12181258,12989.97
2020-12-29,Desktop,32601585,38205.91
2020-12-29,Mobile,13012979,14474.56
2020-12-30,Desktop,31684411,34198.18
2020-12-30,Mobile,12585784,12646.91
2020-12-31,Desktop,29404779,27747.48
2020-12-31,Mobile,12067841,10829.37
